timeframe,strat,id,start,entry,TP,SL,SR,RR,type,SMA,DIVERGENCE (Y/N),MINIPEAK (Y/N),,,,,,,,,,,
D,counter_b1,NZD_USD 04JAN2007D,03/01/2007 22:00,0.70334,0.69273,0.71042,0.70982,1.5,short,N,N,N,,,,,,,,,,,
D,counter_b1,NZD_USD 26MAR2007D,25/03/2007 22:00,0.70931,0.69697,0.71643,0.71092,1.5,short,N,n.a.,n.a.,,,,,,,,,,,
D,counter_b1,NZD_USD 24APR2007D,23/04/2007 22:00,0.74179,0.729,0.75045,0.74618,1.5,short,N,N,N,,,,,,,,,,,
D,counter_b1,NZD_USD 10DEC2007D,9/12/2007 22:00,0.77323,0.75076,0.78841,0.77809,1.5,short,N,n.a.,n.a.,,,,,,,,,,,
D,counter_b1,NZD_USD 16JAN2008D,15/01/2008 22:00,0.77612,0.75204,0.79452,0.78774,1.31,short,N,n.a.,n.a.,,,,,,,,,,,
D,counter_b1,NZD_USD 16JUN2008D,15/06/2008 22:00,0.75229,0.76729,0.7423,0.74618,1.5,long,Y,n.a.,n.a.,,,,,,,,,,,
D,counter_b1,NZD_USD 17JUL2008D,16/07/2008 22:00,0.76875,0.75603,0.77728,0.77334,1.5,short,N,n.a.,n.a.,,,,,,,,,,,
D,counter_b1,NZD_USD 07NOV2008D,06/11/2008 22:00,0.58175,0.53732,0.61258,0.59806,1.5,short,N,n.a.,n.a.,,,,,,,,,,,
D,counter_b1,NZD_USD 19DEC2008D,18/12/2008 22:00,0.5791,0.54063,0.60747,0.59705,1.5,short,N,n.a.,n.a.,,,,,,,,,,,
D,counter_b1,NZD_USD 12MAY2009D,11/05/2009 22:00,0.598,0.57313,0.61442,0.60052,1.5,short,N,Y,Y,,,,,,,,,,,
D,counter_b1,NZD_USD 04NOV2009D,03/11/2009 22:00,0.72641,0.75317,0.7076,0.71254,1.42,long,N,n.a.,n.a.,,,,,,,,,,,
D,counter_b1,NZD_USD 16SEP2010D,15/09/2010 22:00,0.72711,0.70736,0.74005,0.7379,1.53,short,N,n.a.,n.a.,,,,,,,,,,,
D,counter_b1,NZD_USD 15OCT2010D,14/10/2010 22:00,0.75466,0.73935,0.76491,0.76069,1.5,short,N,n.a.,n.a.,,,,,,,,,,,
H12,counter_b1,NZD_USD 08NOV2010H12,08/11/2010 22:00,0.78756,0.77355,0.79769,0.79092,1.38,short,N,N,Y,,,,,,,,,,,
D,counter_b1,NZD_USD 18NOV2010D,17/11/2010 22:00,0.77281,0.78866,0.76177,0.76315,1.44,long,N,n.a.,n.a.,,,,,,,,,,,
D,counter_b1,NZD_USD 17DEC2010D,16/12/2010 22:00,0.7412,0.75222,0.73396,0.73785,1.5,long,N,n.a.,n.a.,,,,,,,,,,,
D,counter_b1,NZD_USD 19APR2011D,18/04/2011 22:00,0.79007,0.77518,0.80087,0.79971,1.4,short,N,N,N,,,,,,,,,,,
D,counter_b1,NZD_USD 05OCT2011D,04/10/2011 22:00,0.76298,0.78675,0.74685,0.7548,1.5,long,N,N,Y,,,,,,,,,,,
D,counter_b1,NZD_USD 18OCT2011D,17/10/2011 22:00,0.79055,0.76509,0.80765,0.79626,1.5,short,N,n.a.,n.a.,,,,,,,,,,,
D,counter_b1,NZD_USD 14NOV2011D,13/11/2011 22:00,0.78735,0.80804,0.77346,0.77789,1.5,long,Y,n.a.,n.a.,,,,,,,,,,,
D,counter_b1,NZD_USD 08DEC2011D,07/12/2011 22:00,0.77338,0.75112,0.78855,0.77789,1.5,short,N,n.a.,n.a.,,,,,,,,,,,
D,counter_b1,NZD_USD 29DEC2011D,28/12/2011 22:00,0.76653,0.74774,0.7796,0.77789,1.4,short,N,n.a.,n.a.,,,,,,,,,,,
H12,counter_b1,NZD_USD 23MAY2012H12,23/05/2012 22:00,0.75324,0.76578,0.74481,0.7464,1.5,long,N,Y,Y,,,,,,,,,,,
D,counter_b1,NZD_USD 31DEC2012D,30/12/2012 22:00,0.82265,0.83213,0.81584,0.81856,1.4,long,N,n.a.,n.a.,,,,,,,,,,,
D,counter_b1,NZD_USD 05FEB2013D,04/02/2013 22:00,0.84245,0.83153,0.84958,0.84652,1.5,short,N,n.a.,n.a.,,,,,,,,,,,
D,counter_b1,NZD_USD 05MAR2013D,04/03/2013 22:00,0.82771,0.84076,0.81865,0.82004,1.4,long,N,n.a.,n.a.,,,,,,,,,,,
D,counter_b1,NZD_USD 16MAY2013D,15/05/2013 22:00,0.82591,0.84023,0.81614,0.82004,1.5,long,Y,n.a.,n.a.,,,,,,,,,,,
D,counter_b1,NZD_USD 03SEP2013D,02/09/2013 22:00,0.78326,0.80479,0.76791,0.77268,1.4,long,N,n.a.,n.a.,,,,,,,,,,,
D,counter_b1,NZD_USD 12SEP2013D,11/09/2013 22:00,0.81049,0.80104,0.81669,0.81256,1.5,short,N,n.a.,n.a.,,,,,,,,,,,
D,counter_b1,NZD_USD 02DEC2013D,01/12/2013 22:00,0.81634,0.82936,0.80767,0.81147,1.5,long,Y,n.a.,n.a.,,,,,,,,,,,
D,counter_b1,NZD_USD 20MAR2014D,19/03/2014 22:00,0.8535,0.83844,0.86448,0.86247,1.4,short,N,N,N,,,,,,,,,,,
D,counter_b1,NZD_USD 14AUG2014D,13/08/2014 22:00,0.84843,0.86085,0.84,0.84265,1.5,long,N,n.a.,n.a.,,,,,,,,,,,
D,counter_b1,NZD_USD 10JUL2015D,09/07/2015 22:00,0.67519,0.69765,0.65965,0.66149,1.45,long,N,N,N,,,,,,,,,,,
D,counter_b1,NZD_USD 09SEP2016D,08/09/2016 22:00,0.73832,0.72217,0.7491,0.74599,1.5,short,N,Y,Y,,,,,,,,,,,
D,counter_b1,NZD_USD 13OCT2016D,12/10/2016 22:00,0.70916,0.72996,0.69486,0.70261,1.45,long,Y,n.a.,n.a.,,,,,,,,,,,
D,counter_b1,NZD_USD 02MAY2017D,01/05/2017 22:00,0.69226,0.70372,0.68425,0.68739,1.43,long,N,n.a.,n.a.,,,,,,,,,,,
D,counter_b1,NZD_USD 30MAY2017D,29/05/2017 22:00,0.70387,0.69534,0.70963,0.70627,1.5,short,Y,n.a.,n.a.,,,,,,,,,,,
D,counter_b1,NZD_USD 25JUL2017D,24/07/2017 22:00,0.74225,0.73239,0.74896,0.74556,1.5,short,N,Y,Y,,,,,,,,,,,
D,counter_b1,NZD_USD 05SEP2017D,04/09/2017 22:00,0.7185,0.72684,0.71294,0.71497,1.5,long,Y,n.a.,n.a.,,,,,,,,,,,
H12,counter_b1,NZD_USD 09FEB2018H12,08/02/2018 10:00,0.72427,0.73308,0.71785,0.72067,1.4,long,N,n.a.,n.a.,,,,,,,,,,,
D,counter_b1,NZD_USD 02MAR2018D,01/03/2018 22:00,0.72646,0.73736,0.71868,0.72155,1.4,long,N,n.a.,n.a.,,,,,,,,,,,
D,counter_b1,NZD_USD 16APR2018D,15/04/2018 22:00,0.73439,0.72433,0.74179,0.73928,1.4,short,N,n.a.,n.a.,,,,,,,,,,,
D,counter_b1,NZD_USD 13JUN2018D,12/06/2018 22:00,0.69977,0.69042,0.70604,0.7051,1.5,short,N,n.a.,n.a.,,,,,,,,,,,
H12,counter_b1,NZD_USD 30JUN2019H12,29/06/2019 22:00,0.66887,0.66328,0.67258,0.67095,1.5,short,Y,n.a.,n.a.,,,,,,,,,,,
D,counter_b1,EUR_JPY 22AUG2008D,21/08/2008 22:00,162.2,165.746,159.836,160.089,1.5,long,Y,n.a.,n.a.,,,,,,,,,,,
D,counter_b1,EUR_JPY 15JUL2009D,14/07/2009 22:00,130.865,137.232,126.421,127.766,1.43,long,N,n.a.,n.a.,,,,,,,,,,,
D,counter_b1,EUR_JPY 11AUG2009D,10/08/2009 22:00,135.909,131.801,138.747,137.305,1.45,short,Y,n.a.,n.a.,,,,,,,,,,,
D,counter_b1,EUR_JPY 27OCT2009D,26/10/2009 22:00,136.852,134.1,138.66,137.305,1.5,short,Y,n.a.,n.a.,,,,,,,,,,,
D,counter_b1,EUR_JPY 22DEC2009D,21/12/2009 22:00,130.396,135.679,126.719,128.545,1.44,long,N,n.a.,n.a.,,,,,,,,,,,
D,counter_b1,EUR_JPY 06APR2010D,05/04/2010 22:00,126.627,124.347,128.151,126.909,1.5,short,N,n.a.,n.a.,,,,,,,,,,,
D,counter_b1,EUR_JPY 16APR2010D,15/04/2010 22:00,125.877,122.767,127.943,127.235,1.5,short,N,n.a.,n.a.,,,,,,,,,,,
D,counter_b1,EUR_JPY 11MAR2011D,10/03/2011 22:00,114.229,111.48,116.077,115.02,1.5,short,N,n.a.,n.a.,,,,,,,,,,,
D,counter_b1,EUR_JPY 24MAR2011D,23/03/2011 22:00,113.956,110.883,116.034,115.02,1.5,short,N,n.a.,n.a.,,,,,,,,,,,
D,counter_b1,EUR_JPY 28NOV2012D,27/11/2012 22:00,105.715,103.64,107.145,106.637,1.45,short,N,Y,Y,,,,,,,,,,,
D,counter_b1,EUR_JPY 17OCT2014D,16/10/2014 22:00,136.592,138.956,134.986,135.794,1.5,long,Y,n.a.,n.a.,,,,,,,,,,,
D,counter_b1,EUR_JPY 05MAY2015D,04/05/2015 22:00,133.645,131.142,135.374,134.643,1.45,short,Y,n.a.,n.a.,,,,,,,,,,,
D,counter_b1,EUR_JPY 02MAR2016D,01/03/2016 22:00,124.054,126.636,122.13,122.674,1.34,long,N,N,Y,,,,,,,,,,,
D,counter_b1,EUR_JPY 15MAR2016D,14/03/2016 22:00,125.995,123.94,127.394,127.018,1.5,short,N,n.a.,n.a.,,,,,,,,,,,
D,counter_b1,EUR_JPY 04MAY2016,03/05/2016 22:00,123.021,125.138,121.57,122.173,1.46,long,N,n.a.,n.a.,,,,,,,,,,,
D,counter_b1,EUR_JPY 19DEC2016D,18/12/2016 22:00,122.251,119.402,124.132,122.905,1.5,short,Y,n.a.,n.a.,,,,,,,,,,,
D,counter_b1,EUR_JPY 15MAR2017D,14/03/2017 22:00,121.677,119.718,122.989,122.365,1.5,short,Y,n.a.,n.a.,,,,,,,,,,,
D,counter_b1,EUR_JPY 04APR2017D,03/04/2017 22:00,118.374,119.851,117.392,118.244,1.5,long,N,n.a.,n.a.,,,,,,,,,,,
D,counter_b1,EUR_JPY 31AUG2017D,30/08/2017 22:00,130.903,129.351,131.951,131.432,1.48,short,N,n.a.,n.a.,,,,,,,,,,,
D,counter_b1,EUR_JPY 14SEP2017D,13/09/2017 22:00,131.148,129.596,132.196,131.432,1.48,short,N,n.a.,n.a.,,,,,,,,,,,
D,counter_b1,EUR_JPY 10MAY2018D,09/05/2018 22:00,130.568,132.93,128.97,129.327,1.5,long,Y,n.a.,n.a.,,,,,,,,,,,
D,counter_b1,EUR_JPY 31JUL2018D,30/07/2018 22:00,130.074,131.482,129.129,129.392,1.5,long,Y,n.a.,n.a.,,,,,,,,,,,
D,counter_b1,EUR_JPY 17AUG2018D,16/08/2018 22:00,126.503,128.657,124.995,125.399,1.43,long,N,n.a.,n.a.,,,,,,,,,,,
D,counter_b1,EUR_JPY 16OCT2018D,15/10/2018 22:00,129.793,130.831,129.063,129.392,1.42,long,Y,n.a.,n.a.,,,,,,,,,,,
D,counter_b1,AUD_NZD 29DEC2006D,28/12/2006 22:00,1.12335,1.13823,1.11323,1.1159,1.47,long,N,n.a.,n.a.,,,,,,,,,,,
D,counter_b1,AUD_NZD 06JUN2007D,05/06/2007 22:00,1.11796,1.12816,1.11084,1.11236,1.43,long,N,n.a.,n.a.,,,,,,,,,,,
D,counter_b1,AUD_NZD 03OCT2007D,02/10/2007 22:00,1.16996,1.18607,1.15913,1.1647,1.5,long,N,n.a.,n.a.,,,,,,,,,,,
D,counter_b1,AUD_NZD 02MAY2008D,01/05/2008 22:00,1.1984,1.18183,1.20959,1.20163,1.5,short,N,N,N,,,,,,,,,,,
D,counter_b1,AUD_NZD 11SEP2008D,10/09/2008 22:00,1.21092,1.23148,1.19723,1.20163,1.5,long,N,N,Y,,,,,,,,,,,
D,counter_b1,AUD_NZD 23JAN2009D,22/01/2009 22:00,1.23517,1.20928,1.25279,1.24265,1.5,short,N,N,Y,,,,,,,,,,,
D,counter_b1,AUD_NZD 05MAR2009D,04/03/2009 22:00,1.2755,1.24873,1.29395,1.28994,1.45,short,N,N,Y,,,,,,,,,,,
D,counter_b1,AUD_NZD 18MAR2009D,17/03/2009 22:00,1.24907,1.26636,1.23781,1.24263,1.54,long,N,n.a.,n.a.,,,,,,,,,,,
D,counter_b1,AUD_NZD 04MAY2009D,03/05/2009 22:00,1.27685,1.25004,1.29492,1.28994,1.5,short,N,n.a.,n.a.,,,,,,,,,,,
D,counter_b1,AUD_NZD 26FEB2010D,25/02/2010 22:00,1.28172,1.26261,1.29448,1.2873,1.5,short,N,n.a.,n.a.,,,,,,,,,,,
H12,counter_b1,AUD_NZD 29MAR2010H12,28/03/2010 10:00,1.2877,1.30061,1.27917,1.28223,1.5,long,N,n.a.,n.a.,,,,,,,,,,,
D,counter_b1,AUD_NZD 01JUN2010D,31/05/2010 22:00:00,1.23902,1.22112,1.25125,1.24323,1.5,short,Y,n.a.,n.a.,,,,,,,,,,,
D,counter_b1,AUD_NZD 01OCT2010D,30/09/2010 22:00,1.3096,1.2917,1.32236,1.3133,1.4,short,N,N,Y,,,,,,,,,,,
H12,counter_b1,AUD_NZD 18JAN2011H12,17/01/2011 10:00,1.29321,1.30695,1.28335,1.28414,1.4,long,Y,N,Y,,,,,,,,,,,
H12,counter_b1,AUD_NZD 08FEB2011H12,07/02/2011 10:00,1.30966,1.29165,1.32167,1.31873,1.5,short,N,n.a.,n.a.,,,,,,,,,,,
D,counter_b1,AUD_NZD 07JUN2011D,06/06/2011 22:00,1.31223,1.30044,1.32003,1.31873,1.5,short,N,n.a.,n.a.,,,,,,,,,,,
D,counter_b1,AUD_NZD 20JUN2011D,19/06/2011 22:00,1.30462,1.28435,1.31866,1.31873,1.5,short,N,n.a.,n.a.,,,,,,,,,,,
D,counter_b1,AUD_NZD 09SEP2011D,08/09/2011 22:00,1.26882,1.24855,1.28314,1.27923,1.4,short,Y,n.a.,n.a.,,,,,,,,,,,
D,counter_b1,AUD_NZD 07MAY2012D,06/05/2012 22:00,1.27823,1.267,1.28572,1.28156,1.5,short,Y,n.a.,n.a.,,,,,,,,,,,
D,counter_b1,AUD_NZD 25OCT2012D,24/10/2012 22:00,1.25997,1.24477,1.2701,1.26798,1.5,short,N,n.a.,n.a.,,,,,,,,,,,
D,counter_b1,AUD_NZD 28FEB2013D,27/02/2013 22:00,1.2346,1.22127,1.24344,1.23871,1.5,short,N,n.a.,n.a.,,,,,,,,,,,
D,counter_b1,AUD_NZD 18MAR2013D,17/03/2013 22:00,1.25722,1.242,1.26826,1.26692,1.4,short,Y,n.a.,n.a.,,,,,,,,,,,
D,counter_b1,AUD_NZD 31JUL2014D,30/07/2014 22:00,1.09684,1.08382,1.10541,1.10046,1.5,short,N,n.a.,n.a.,,,,,,,,,,,
D,counter_b1,AUD_NZD 09SEP2014D,08/09/2014 22:00,1.11975,1.1029,1.13101,1.12312,1.5,short,Y,N,Y,,,,,,,,,,,
D,counter_b1,AUD_NZD 01OCT2014D,30/09/2014 22:00,1.11894,1.10209,1.1302,1.12312,1.5,short,Y,n.a.,n.a.,,,,,,,,,,,
D,counter_b1,AUD_NZD 31OCT2014D,30/10/2014 22:00,1.12335,1.11218,1.13079,1.1257,1.5,short,Y,n.a.,n.a.,,,,,,,,,,,
D,counter_b1,AUD_NZD 14MAY2015D,13/05/2015 22:00,1.07484,1.05354,1.08914,1.08127,1.5,short,Y,N,N,,,,,,,,,,,
D,counter_b1,AUD_NZD 30JUL2015D,29/07/2015 22:00,1.09999,1.11692,1.08889,1.09057,1.5,long,Y,n.a.,n.a.,,,,,,,,,,,
D,counter_b1,AUD_NZD 11AUG2016D,10/08/2016 22:00,1.06605,1.05096,1.07611,1.07543,1.5,short,N,n.a.,n.a.,,,,,,,,,,,
D,counter_b1,AUD_NZD 05SEP2016D,04/09/2016 22:00,1.04008,1.05654,1.0295,1.03334,1.6,long,N,n.a.,n.a.,,,,,,,,,,,
D,counter_b1,AUD_NZD 14OCT2016D,13/10/2016 22:00,1.06589,1.04871,1.07743,1.07367,1.5,short,Y,n.a.,n.a.,,,,,,,,,,,
D,counter_b1,AUD_NZD 13APR2017D,12/04/2017 22:00,1.08352,1.09584,1.07515,1.07634,1.5,long,N,n.a.,n.a.,,,,,,,,,,,
H12,counter_b1,AUD_NZD 25OCT2017H12,25/10/2017 10:00,1.11901,1.10392,1.12981,1.12814,1.4,short,N,Y,Y,,,,,,,,,,,
D,counter_b1,AUD_NZD 10NOV2017D,9/11/2017 22:00,1.10785,1.11861,1.10067,1.10272,1.5,long,N,n.a.,n.a.,,,,,,,,,,,
H12,counter_b1,AUD_NZD 12DEC2017H12,12/12/2017 10:00,1.09019,1.09865,1.08454,1.08529,1.5,long,Y,N,Y,,,,,,,,,,,
D,counter_b1,AUD_NZD 15JAN2018D,14/01/2018 22:00,1.09155,1.10155,1.08449,1.08529,1.4,long,Y,n.a.,n.a.,,,,,,,,,,,
D,counter_b1,AUD_NZD 06SEP2019D,05/09/2019 22:00,1.0663,1.05544,1.07335,1.06858,1.5,short,N,N,N,,,,,,,,,,,
D,counter_b1,AUD_NZD 10OCT2019D,9/10/2019 22:00,1.07101,1.07829,1.06617,1.06833,1.5,long,N,n.a.,n.a.,,,,,,,,,,,
D,counter_b1,NZD_CAD 29JUL2010D,28/07/2010 22:00,0.74894,0.73218,0.76087,0.75647,1.4,short,N,n.a.,n.a.,,,,,,,,,,,
D,counter_b1,NZD_CAD 20AUG2010D,19/08/2010 22:00,0.74089,0.75739,0.72898,0.7318,1.4,long,Y,n.a.,n.a.,,,,,,,,,,,
D,counter_b1,NZD_CAD 18FEB2011D,17/02/2011 22:00,0.74885,0.76312,0.7387,0.74112,1.4,long,Y,n.a.,n.a.,,,,,,,,,,,
D,counter_b1,NZD_CAD 01APR2011D,31/03/2011 22:00,0.73586,0.72357,0.74397,0.74112,1.5,short,Y,n.a.,n.a.,,,,,,,,,,,
D,counter_b1,NZD_CAD 29NOV2011D,28/11/2011 22:00,0.78141,0.79469,0.77204,0.77391,1.4,long,Y,N,N,,,,,,,,,,,
D,counter_b1,NZD_CAD 16DEC2011D,15/12/2011 22:00,0.78141,0.79469,0.77204,0.77391,1.42,long,Y,n.a.,n.a.,,,,,,,,,,,
D,counter_b1,NZD_CAD 29FEB2012D,28/02/2012 22:00,0.83211,0.81782,0.84127,0.83974,1.6,short,N,Y,Y,,,,,,,,,,,
D,counter_b1,NZD_CAD 21AUG2012D,20/08/2012 22:00,0.80108,0.80967,0.79529,0.79679,1.5,long,Y,n.a.,n.a.,,,,,,,,,,,
D,counter_b1,NZD_CAD 07NOV2012D,06/11/2012 22:00,0.81946,0.80787,0.82725,0.82237,1.5,short,N,n.a.,n.a.,,,,,,,,,,,
D,counter_b1,NZD_CAD 25JAN2013D,24/01/2013 22:00,0.83903,0.8292,0.84557,0.84006,1.5,short,N,Y,Y,,,,,,,,,,,
D,counter_b1,NZD_CAD 27APR2015D,26/04/2015 22:00,0.92654,0.94328,0.9153,0.92018,1.5,long,N,n.a.,n.a.,,,,,,,,,,,
D,counter_b1,NZD_CAD 07JUL2015D,06/07/2015 22:00,0.84805,0.86657,0.83504,0.84006,1.4,long,N,Y,Y,,,,,,,,,,,
D,counter_b1,NZD_CAD 30JUL2015D,29/07/2015 22:00,0.86001,0.84293,0.87249,0.86677,1.4,short,N,n.a.,n.a.,,,,,,,,,,,
D,counter_b1,NZD_CAD 19FEB2016D,18/02/2016 22:00,0.91346,0.93345,0.89965,0.90289,1.45,long,N,n.a.,n.a.,,,,,,,,,,,
H12,counter_b1,NZD_CAD 06JUN2016H12,06/06/2016 10:00,0.89537,0.88622,0.90183,0.90106,1.42,short,N,n.a.,n.a.,,,,,,,,,,,
H12,counter_b1,NZD_CAD 13JUL2016H12,13/07/2016 10:00,0.94595,0.93113,0.95567,0.95433,1.5,short,N,N,Y,,,,,,,,,,,
D,counter_b1,NZD_CAD 25JUL2016D,24/07/2016 22:00,0.92127,0.93974,0.90888,0.91786,1.5,long,N,n.a.,n.a.,,,,,,,,,,,
D,counter_b1,NZD_CAD 18AUG2017D,17/08/2017 22:00,0.92645,0.9408,0.91696,0.92212,1.5,long,N,n.a.,n.a.,,,,,,,,,,,
D,counter_b1,NZD_CAD 16AUG2018D,15/08/2018 22:00,0.86364,0.87598,0.8553,0.86099,1.5,long,N,Y,Y,,,,,,,,,,,
D,counter_b1,NZD_CAD 10OCT2018D,9/10/2018 22:00,0.83965,0.85281,0.83089,0.8324,1.5,long,N,Y,Y,,,,,,,,,,,
D,counter_b1,NZD_CAD 23OCT2018D,22/10/2018 22:00,0.85727,0.8392,0.86943,0.86099,1.5,short,N,n.a.,n.a.,,,,,,,,,,,
D,counter_b1,NZD_CAD 27MAR2019D,26/03/2019 22:00,0.92158,0.91026,0.929,0.92264,1.5,short,N,n.a.,n.a.,,,,,,,,,,,
D,counter_b1,NZD_CAD 24SEP2019D,23/09/2019 22:00,0.83584,0.84477,0.82996,0.83266,1.5,long,N,Y,Y,,,,,,,,,,,
D,counter_b1,AUD_USD 04JAN2007D,03/01/2007 22:00,0.7905,0.77812,0.79904,0.79658,1.45,short,N,Y,Y,,,,,,,,,,,
D,counter_b1,AUD_USD 15JAN2007D,14/01/2007 22:00,0.78368,0.79509,0.77573,0.77571,1.4,long,N,n.a.,n.a.,,,,,,,,,,,
H12,counter_b1,AUD_USD 23APR2008H12,23/04/2008 22:00,0.94566,0.93121,0.95518,0.9479,1.5,short,N,n.a.,n.a.,,,,,,,,,,,
H12,counter_b1,AUD_USD 07MAY2008H12,07/05/2008 10:00,0.94425,0.92952,0.95404,0.9479,1.5,short,N,n.a.,n.a.,,,,,,,,,,,
D,counter_b1,AUD_USD 19SEP2008D,18/09/2008 22:00,0.80833,0.85025,0.78001,0.78866,1.5,long,N,Y,Y,,,,,,,,,,,
D,counter_b1,AUD_USD 06NOV2008D,05/11/2008 22:00,0.67761,0.62802,0.71143,0.69995,1.5,short,N,n.a.,n.a.,,,,,,,,,,,
D,counter_b1,AUD_USD 07APR2009D,06/04/2009 22:00,0.70616,0.67398,0.7281,0.72461,1.5,short,N,n.a.,n.a.,,,,,,,,,,,
D,counter_b1,AUD_USD 14JUL2009D,13/07/2009 22:00,0.78729,0.81212,0.77081,0.78047,1.5,long,Y,n.a.,n.a.,,,,,,,,,,,
D,counter_b1,AUD_USD 18JAN2010D,17/01/2010 22:00,0.92189,0.89527,0.93977,0.93418,1.5,short,N,n.a.,n.a.,,,,,,,,,,,
D,counter_b1,AUD_USD 13APR2010D,12/04/2010 22:00,0.92544,0.90593,0.93858,0.93418,1.5,short,N,n.a.,n.a.,,,,,,,,,,,
D,counter_b1,AUD_USD 04JAN2011D,03/01/2011 22:00,1.01463,0.99629,1.02576,1.01978,1.5,short,N,n.a.,n.a.,,,,,,,,,,,
D,counter_b1,AUD_USD 02MAR2011D,01/03/2011 22:00,1.01183,0.98965,1.02661,1.01978,1.5,short,N,n.a.,n.a.,,,,,,,,,,,
D,counter_b1,AUD_USD 29JUL2011D,28/07/2011 22:00,1.09638,1.07602,1.10983,1.09926,1.5,short,N,n.a.,n.a.,,,,,,,,,,,
D,counter_b1,AUD_USD 28MAY2012D,27/05/2012 22:00,0.98119,1.00013,0.96865,0.96794,1.5,long,N,N,N,,,,,,,,,,,
D,counter_b1,AUD_USD 07SEP2012D,06/09/2012 22:00,1.02924,1.04818,1.0167,1.01934,1.5,long,Y,n.a.,n.a.,,,,,,,,,,,
D,counter_b1,AUD_USD 11OCT2012D,10/10/2012 22:00,1.02814,1.0484,1.0147,1.01934,1.5,long,Y,n.a.,n.a.,,,,,,,,,,,
D,counter_b1,AUD_USD 17JUN2013D,16/06/2013 22:00,0.95578,0.93928,0.96689,0.96533,1.5,short,N,n.a.,n.a.,,,,,,,,,,,
H12,counter_b1,AUD_USD 08JUL2013H12,08/07/2013 10:00,0.90703,0.91782,0.89982,0.90176,1.5,long,N,Y,Y,,,,,,,,,,,
D,counter_b1,AUD_USD 14NOV2013D,13/11/2013 22:00,0.93833,0.95752,0.92601,0.92721,1.5,long,N,n.a.,n.a.,,,,,,,,,,,
D,counter_b1,AUD_USD 20DEC2013D,19/12/2013 22:00,0.88985,0.90118,0.88249,0.88759,1.5,long,N,N,Y,,,,,,,,,,,
D,counter_b1,AUD_USD 13AUG2014D,12/08/2014 22:00,0.92766,0.93655,0.92158,0.92425,1.5,long,N,n.a.,n.a.,,,,,,,,,,,
D,counter_b1,AUD_USD 06JAN2015,05/01/2015 22:00,0.81348,0.82946,0.80266,0.80796,1.5,long,N,Y,Y,,,,,,,,,,,
D,counter_b1,AUD_USD 30APR2015D,29/04/2015 22:00,0.79756,0.77996,0.80959,0.80601,1.5,short,N,n.a.,n.a.,,,,,,,,,,,
H12,counter_b1,AUD_USD 08JUN2015H12,08/06/2015 10:00,0.76569,0.78249,0.75417,0.7588,1.5,long,N,n.a.,n.a.,,,,,,,,,,,
H12,counter_b1,AUD_USD 29JUN2015H12,29/06/2015 10:00,0.76958,0.78638,0.75837,0.7588,1.5,long,N,n.a.,n.a.,,,,,,,,,,,
D,counter_b1,AUD_USD 07DEC2015D,06/12/2015 22:00,0.72834,0.71056,0.74001,0.73597,1.5,short,N,n.a.,n.a.,,,,,,,,,,,
D,counter_b1,AUD_USD 15JUL2016D,14/07/2016 22:00,0.75793,0.74425,0.7669,0.76413,1.5,short,Y,n.a.,n.a.,,,,,,,,,,,
D,counter_b1,AUD_USD 30DEC2016D,29/12/2016 22:00,0.72187,0.73364,0.71393,0.71612,1.5,long,N,N,Y,,,,,,,,,,,
D,counter_b1,AUD_USD 11OCT2017D,10/10/2017 22:00,0.77974,0.78911,0.7731,0.77352,1.5,long,N,n.a.,n.a.,,,,,,,,,,,
D,counter_b1,AUD_USD 06MAR2018D,05/03/2018 22:00,0.77744,0.7881,0.77016,0.7763,1.46,long,Y,n.a.,n.a.,,,,,,,,,,,
D,counter_b1,AUD_USD 03MAY2018D,02/05/2018 22:00,0.75493,0.76559,0.74765,0.75055,1.46,long,N,N,N,,,,,,,,,,,
H12,counter_b1,AUD_USD 05SEP2018H12,05/09/2018 22:00,0.71951,0.72667,0.71454,0.71612,1.44,long,N,N,Y,,,,,,,,,,,
D,counter_b1,AUD_USD 26APR2019D,25/04/2019 22:00,0.70296,0.71221,0.69679,0.69989,1.5,long,N,n.a.,n.a.,,,,,,,,,,,
D,counter_b1,AUD_USD 05JUL2019D,04/07/2019 22:00,0.70127,0.69564,0.70494,0.70215,1.5,short,N,n.a.,n.a.,,,,,,,,,,,
D,counter_b1,AUD_USD 17JUL2019D,16/07/2019 22:00,0.70084,0.69521,0.70451,0.70215,1.5,short,N,n.a.,n.a.,,,,,,,,,,,
D,counter_b1,AUD_USD 24OCT2019D,23/10/2019 22:00,0.68361,0.67432,0.68976,0.68599,1.5,short,N,n.a.,n.a.,,,,,,,,,,,
D,counter_b1,USD_CHF 19SEP2006D,18/09/2006 22:00,1.25007,1.23139,1.26265,1.25451,1.5,short,Y,n.a.,n.a.,,,,,,,,,,,
D,counter_b1,USD_CHF 19DEC2006D,18/12/2006 22:00,1.21861,1.20629,1.22673,1.22224,1.5,short,N,n.a.,n.a.,,,,,,,,,,,
D,counter_b1,USD_CHF 17AUG2007D,16/08/2007 22:00,1.21299,1.20044,1.22148,1.21724,1.5,short,N,n.a.,n.a.,,,,,,,,,,,
D,counter_b1,USD_CHF 12OCT2007D,11/10/2007 22:00,1.1821,1.16674,1.19241,1.18818,1.5,short,N,n.a.,n.a.,,,,,,,,,,,
D,counter_b1,USD_CHF 04DEC2007D,03/12/2007 22:00,1.12491,1.1112,1.13377,1.13131,1.55,short,N,n.a.,n.a.,,,,,,,,,,,
D,counter_b1,USD_CHF 03FEB2010D,02/02/2010 22:00,1.05415,1.03783,1.06464,1.05512,1.5,short,N,n.a.,n.a.,,,,,,,,,,,
D,counter_b1,USD_CHF 10SEP2010D,09/09/2010 22:00,1.01725,1.03937,1.00257,1.00417,1.5,long,N,Y,N,,,,,,,,,,,
H12,counter_b1,USD_CHF 15DEC2010H12,15/12/2010 10:00,0.96471,0.9904,0.94711,0.95421,1.5,long,N,n.a.,n.a.,,,,,,,,,,,
D,counter_b1,USD_CHF 10OCT2011D,9/10/2011 22:00,0.91523,0.88914,0.93341,0.92848,1.5,short,Y,Y,Y,,,,,,,,,,,
D,counter_b1,USD_CHF 30NOV2011D,29/11/2011 22:00,0.9085,0.87211,0.93399,0.92848,1.43,short,Y,n.a.,n.a.,,,,,,,,,,,
D,counter_b1,USD_CHF 16MAR2012D,15/03/2012 22:00,0.92004,0.89785,0.93469,0.92848,1.5,short,Y,n.a.,n.a.,,,,,,,,,,,
H12,counter_b1,USD_CHF 10JUL2013H12,10/07/2013 10:00,0.96641,0.94714,0.97938,0.97655,1.5,short,N,N,N,,,,,,,,,,,
D,counter_b1,USD_CHF 12AUG2013D,11/08/2013 22:00,0.92288,0.93256,0.91635,0.91919,1.5,long,N,n.a.,n.a.,,,,,,,,,,,
H12,counter_b1,USD_CHF 21AUG2013H12,21/08/2013 10:00,0.92106,0.93074,0.91453,0.91762,1.5,long,N,n.a.,n.a.,,,,,,,,,,,
D,counter_b1,USD_CHF 25OCT2013D,24/10/2013 22:00,0.89272,0.89861,0.88878,0.89225,1.5,long,N,Y,Y,,,,,,,,,,,
D,counter_b1,USD_CHF 22AUG2014D,21/08/2014 22:00,0.91097,0.90487,0.91496,0.91231,1.5,short,N,Y,Y,,,,,,,,,,,
H12,counter_b1,USD_CHF 24NOV2014H12,24/11/2014 10:00,0.96835,0.96076,0.9734,0.97113,1.5,short,N,n.a.,n.a.,,,,,,,,,,,
D,counter_b1,USD_CHF 21APR2015D,20/04/2015 22:00,0.96028,0.98004,0.94725,0.95145,1.5,long,N,n.a.,n.a.,,,,,,,,,,,
D,counter_b1,USD_CHF 23JUN2015D,22/06/2015 22:00,0.92329,0.9443,0.90899,0.9139,1.5,long,N,n.a.,n.a.,,,,,,,,,,,
D,counter_b1,USD_CHF 19OCT2015D,18/10/2015 22:00,0.95542,0.96754,0.94742,0.95019,1.5,long,Y,n.a.,n.a.,,,,,,,,,,,
D,counter_b1,USD_CHF 12NOV2015D,11/11/2015 22:00,1.00261,0.99328,1.00884,1.00652,1.5,short,N,n.a.,n.a.,,,,,,,,,,,
D,counter_b1,USD_CHF 24NOV2015D,23/11/2015 22:00,1.01637,1.0059,1.02331,1.02082,1.5,short,N,N,Y,,,,,,,,,,,
D,counter_b1,USD_CHF 15DEC2015D,14/12/2015 22:00,0.99148,1.01153,0.97812,0.98613,1.5,long,N,n.a.,n.a.,,,,,,,,,,,
D,counter_b1,USD_CHF 22AUG2016D,21/08/2016 22:00,0.96235,0.97777,0.95216,0.95247,1.5,long,N,n.a.,n.a.,,,,,,,,,,,
H12,counter_b1,USD_CHF 30JUN2017H12,30/06/2017 10:00,0.95902,0.9655,0.95446,0.95444,1.5,long,N,Y,Y,,,,,,,,,,,
H12,counter_b1,USD_CHF 06JUL2017H12,06/07/2017 10:00,0.96339,0.95541,0.96897,0.96447,1.43,short,N,n.a.,n.a.,,,,,,,,,,,
H12,counter_b1,USD_CHF 02FEB2018H12,02/02/2018 10:00,0.9297,0.93706,0.92486,0.92635,1.5,long,N,Y,Y,,,,,,,,,,,
H12,counter_b1,USD_CHF 01MAR2018H12,01/03/2018 22:00,0.94134,0.93015,0.94886,0.94435,1.5,short,N,n.a.,n.a.,,,,,,,,,,,
H12,counter_b1,USD_CHF 01NOV2018H12,01/11/2018 10:00,1.00265,0.99237,1.00969,1.00695,1.46,short,N,Y,Y,,,,,,,,,,,
H12,counter_b1,USD_CHF 14FEB2019H12,14/02/2019 10:00,1.00757,1.0024,1.01102,1.00947,1.5,short,N,N,N,,,,,,,,,,,
D,counter_b1,USD_CHF 12MAR2019,11/03/2019 22:00,1.00697,0.99826,1.01277,1.00947,1.5,short,N,n.a.,n.a.,,,,,,,,,,,
D,counter_b1,USD_CAD 26JAN2006D,25/01/2006 22:00,1.15355,1.17017,1.14253,1.14741,1.5,long,N,n.a.,n.a.,,,,,,,,,,,
H12,counter_b1,USD_CAD 04APR2006H12,03/04/2006 10:00,1.17004,1.15624,1.17948,1.17584,1.5,short,Y,n.a.,n.a.,,,,,,,,,,,
D,counter_b1,USD_CAD 15JAN2007D,14/01/2007 22:00,1.16836,1.1504,1.18037,1.17594,1.5,short,N,N,Y,,,,,,,,,,,
H12,counter_b1,USD_CAD 16MAY2007H12,16/05/2007 10:00,1.10048,1.10756,1.09569,1.09741,1.5,long,N,Y,Y,,,,,,,,,,,
D,counter_b1,USD_CAD 03MAR2008D,02/03/2008 22:00,0.98584,1.00903,0.9702,0.97793,1.5,long,N,n.a.,n.a.,,,,,,,,,,,
D,counter_b1,USD_CAD 25MAR2008D,24/03/2008 22:00,1.01686,0.9839,1.03902,1.02228,1.5,short,N,n.a.,n.a.,,,,,,,,,,,
D,counter_b1,USD_CAD 17JUN2008D,16/06/2008 22:00,1.01979,1.00085,1.03241,1.02228,1.5,short,N,n.a.,n.a.,,,,,,,,,,,
D,counter_b1,USD_CAD 04MAR2009D,03/03/2009 22:00,1.27969,1.24491,1.30344,1.29276,1.5,short,N,n.a.,n.a.,,,,,,,,,,,
D,counter_b1,USD_CAD 18JUN2009D,17/06/2009 22:00,1.12821,1.09763,1.1486,1.1455,1.5,short,Y,n.a.,n.a.,,,,,,,,,,,
D,counter_b1,USD_CAD 16OCT2009D,15/10/2009 22:00,1.03777,1.06448,1.02036,1.03211,1.5,long,N,Y,Y,,,,,,,,,,,
D,counter_b1,USD_CAD 24MAY2010D,23/05/2010 22:00,1.055,1.02503,1.07559,1.07225,1.46,short,Y,n.a.,n.a.,,,,,,,,,,,
H12,counter_b1,USD_CAD 06AUG2010H12,06/08/2010 10:00,1.01816,1.02973,1.01049,1.01544,1.5,long,N,n.a.,n.a.,,,,,,,,,,,
D,counter_b1,USD_CAD 26AUG2010D,25/08/2010 22:00,1.05716,1.03991,1.06865,1.06778,1.5,short,Y,n.a.,n.a.,,,,,,,,,,,
D,counter_b1,USD_CAD 05OCT2010D,04/10/2010 22:00,1.02411,1.04404,1.01088,1.01797,1.5,long,N,n.a.,n.a.,,,,,,,,,,,
D,counter_b1,USD_CAD 07DEC2010D,06/12/2010 22:00,1.0088,1.02249,0.99988,1.00071,1.5,long,N,n.a.,n.a.,,,,,,,,,,,
D,counter_b1,USD_CAD 22JUL2011D,22/07/2011 22:00,0.9456,0.9511,0.94202,0.94397,1.5,long,N,n.a.,n.a.,,,,,,,,,,,
D,counter_b1,USD_CAD 06JUL2012D,05/07/2012 22:00,1.01592,1.02611,1.00919,1.01,1.5,long,Y,n.a.,n.a.,,,,,,,,,,,
D,counter_b1,USD_CAD 31OCT2012D,30/10/2012 22:00,0.99871,0.99237,1.00294,1.00221,1.5,short,Y,n.a.,n.a.,,,,,,,,,,,
D,counter_b1,USD_CAD 16NOV2012D,15/11/2012 22:00,1.00023,0.99389,1.00446,1.00221,1.5,short,Y,n.a.,n.a.,,,,,,,,,,,
D,counter_b1,USD_CAD 02MAY2013D,01/05/2013 22:00,1.00999,1.01924,1.00382,1.00482,1.5,long,Y,n.a.,n.a.,,,,,,,,,,,
H12,counter_b1,USD_CAD 29MAY2013H12,29/05/2013 10:00,1.03881,1.03345,1.04236,1.0416,1.5,short,N,Y,Y,,,,,,,,,,,
D,counter_b1,USD_CAD 29NOV2013D,28/11/2013 22:00,1.05701,1.05097,1.06117,1.05811,1.5,short,N,n.a.,n.a.,,,,,,,,,,,
D,counter_b1,USD_CAD 08JUL2014D,07/07/2014 22:00,1.06809,1.08153,1.05894,1.06271,1.5,long,Y,n.a.,n.a.,,,,,,,,,,,
D,counter_b1,USD_CAD 02OCT2014D,01/10/2014 22:00,1.1154,1.09823,1.12769,1.12194,1.4,short,N,n.a.,n.a.,,,,,,,,,,,
D,counter_b1,USD_CAD 10JUL2015D,09/07/2015 22:00,1.2663,1.2394,1.2846,1.27766,1.5,short,N,n.a.,n.a.,,,,,,,,,,,
D,counter_b1,USD_CAD 01APR2016D,30/04/2016 22:00,1.30351,1.3373,1.28098,1.28552,1.5,long,N,n.a.,n.a.,,,,,,,,,,,
D,counter_b1,USD_CAD 22AUG2016D,21/08/2016 22:00,1.2885,1.32287,1.26355,1.28029,1.4,long,Y,n.a.,n.a.,,,,,,,,,,,
D,counter_b1,USD_CAD 14OCT2016D,13/10/2016 22:00,1.31822,1.29634,1.33365,1.32721,1.42,short,N,n.a.,n.a.,,,,,,,,,,,
D,counter_b1,USD_CAD 14DEC2017D,13/12/2017 22:00,1.28075,1.26374,1.29312,1.28966,1.4,short,Y,n.a.,n.a.,,,,,,,,,,,
D,counter_b1,USD_CAD 24SEP2018D,23/09/2018 22:00,1.29484,1.30544,1.28781,1.28966,1.5,long,Y,n.a.,n.a.,,,,,,,,,,,
D,counter_b1,USD_CAD 03DEC2018D,02/12/2018 22:00,1.32487,1.30742,1.33654,1.33332,1.5,short,N,n.a.,n.a.,,,,,,,,,,,
D,counter_b1,USD_CAD 06FEB2019D,05/02/2019 22:00,1.31545,1.32864,1.30656,1.30897,1.5,long,Y,n.a.,n.a.,,,,,,,,,,,
D,counter_b1,EUR_USD 15JAN2007D,14/01/2007 22:00,1.29515,1.30887,1.28611,1.28804,1.5,long,N,n.a.,n.a.,,,,,,,,,,,
D,counter_b1,EUR_USD 26MAR2007D,25/03/2007 22:00,1.32825,1.31266,1.33845,1.33563,1.5,short,N,n.a.,n.a.,,,,,,,,,,,
D,counter_b1,EUR_USD 16JAN2008D,15/01/2008 22:00,1.47908,1.45003,1.4986,1.48481,1.5,short,N,n.a.,n.a.,,,,,,,,,,,
D,counter_b1,EUR_USD 01FEB2008D,31/01/2008 22:00,1.48077,1.45172,1.50029,1.48481,1.5,short,N,n.a.,n.a.,,,,,,,,,,,
D,counter_b1,EUR_USD 26FEB2008D,25/02/2008 22:00,1.47964,1.45059,1.49916,1.48481,1.5,short,N,n.a.,n.a.,,,,,,,,,,,
H12,counter_b1,EUR_USD 16JUL2008H12,16/07/2008 09:00,1.58772,1.56122,1.60523,1.59933,1.5,short,N,n.a.,n.a.,,,,,,,,,,,
H12,counter_b1,EUR_USD 23SEP2008H12,23/09/2008 09:00,1.46889,1.44068,1.48879,1.48481,1.4,short,Y,n.a.,n.a.,,,,,,,,,,,
D,counter_b1,EUR_USD 08OCT2008D,07/10/2008 22:00,1.37498,1.4225,1.34318,1.35952,1.5,long,N,Y,Y,,,,,,,,,,,
D,counter_b1,EUR_USD 14MAY2009D,13/05/2009 22:00,1.35651,1.32148,1.37986,1.36265,1.5,short,Y,n.a.,n.a.,,,,,,,,,,,
D,counter_b1,EUR_USD 04JUN2009D,03/06/2009 22:00,1.41503,1.38328,1.43606,1.43712,1.5,short,N,Y,Y,,,,,,,,,,,
D,counter_b1,EUR_USD 05AUG2009D,04/08/2009 22:00,1.43612,1.42247,1.44509,1.44117,1.5,short,N,n.a.,n.a.,,,,,,,,,,,
D,counter_b1,EUR_USD 11JAN2011D,10/01/2011 22:00,1.29806,1.32037,1.28298,1.28853,1.5,long,N,n.a.,n.a.,,,,,,,,,,,
D,counter_b1,EUR_USD 17JAN2011D,16/01/2011 22:00,1.33102,1.3074,1.34659,1.33547,1.5,short,Y,n.a.,n.a.,,,,,,,,,,,
D,counter_b1,EUR_USD 23MAR2011D,22/03/2011 22:00,1.41679,1.40274,1.42614,1.42557,1.5,short,N,n.a.,n.a.,,,,,,,,,,,
H12,counter_b1,EUR_USD 17OCT2011H12,17/10/2011 09:00,1.38348,1.36562,1.39538,1.39312,1.5,short,Y,n.a.,n.a.,,,,,,,,,,,
D,counter_b1,EUR_USD 19OCT2012D,18/10/2012 22:00,1.3044,1.28504,1.31729,1.3106,1.5,short,Y,n.a.,n.a.,,,,,,,,,,,
D,counter_b1,EUR_USD 19NOV2012D,18/11/2012 22:00,1.27989,1.30139,1.26556,1.26683,1.5,long,N,n.a.,n.a.,,,,,,,,,,,
D,counter_b1,EUR_USD 06DEC2012D,05/12/2012 22:00,1.3055,1.29062,1.31537,1.3106,1.5,short,Y,n.a.,n.a.,,,,,,,,,,,
H12,counter_b1,EUR_USD 27FEB2013H12,27/02/2013 10:00,1.31197,1.32693,1.30203,1.30524,1.5,long,Y,n.a.,n.a.,,,,,,,,,,,
D,counter_b1,EUR_USD 12AUG2013D,11/08/2013 22:00,1.33248,1.31764,1.34247,1.34135,1.5,short,N,n.a.,n.a.,,,,,,,,,,,
D,counter_b1,EUR_USD 13DEC2013D,12/12/2013 22:00,1.3741,1.3601,1.38348,1.38107,1.5,short,N,n.a.,n.a.,,,,,,,,,,,
D,counter_b1,EUR_USD 07APR2015D,06/04/2015 22:00,1.0918,1.06907,1.10644,1.1045,1.5,short,N,n.a.,n.a.,,,,,,,,,,,
D,counter_b1,EUR_USD 06APR2016D,05/04/2016 22:00,1.1335,1.11616,1.14495,1.14107,1.5,short,Y,Y,Y,,,,,,,,,,,
D,counter_b1,EUR_USD 28NOV2016D,27/11/2016 22:00,1.06315,1.07971,1.05205,1.05503,1.5,long,N,Y,Y,,,,,,,,,,,
D,counter_b1,EUR_USD 12DEC2016D,11/12/2016 22:00,1.06032,1.0751,1.05028,1.05503,1.5,long,N,n.a.,n.a.,,,,,,,,,,,
H12,counter_b1,EUR_USD 10SEP2017H12,10/09/2017 21:00,1.20178,1.18957,1.20977,1.20858,1.5,short,N,n.a.,n.a.,,,,,,,,,,,
D,counter_b1,EUR_USD 08JAN2018D,07/01/2018 22:00,1.19999,1.1864,1.20887,1.20584,1.5,short,N,n.a.,n.a.,,,,,,,,,,,
H12,counter_b1,EUR_USD 29MAY2018H12,29/05/2018 21:00,1.1592,1.17112,1.15134,1.15566,1.5,long,N,Y,Y,,,,,,,,,,,
D,counter_b1,EUR_USD 22JUN2018D,21/06/2018 22:00,1.16344,1.18289,1.15047,1.15566,1.5,long,N,n.a.,n.a.,,,,,,,,,,,
H12,counter_b1,GBP_AUD 26JAN2017H12,26/01/2007 10:00,2.53349,2.51646,2.54492,2.54284,1.5,short,N,N,Y,,,,,,,,,,,
D,counter_b1,GBP_AUD 14MAR2007D,13/03/2007 22:00,2.4716,2.5014,2.45145,2.46154,1.5,long,Y,n.a.,n.a.,,,,,,,,,,,
D,counter_b1,GBP_AUD 08MAY2007D,07/05/2007 22:00,2.4142,2.38824,2.43176,2.4275,1.5,short,N,n.a.,n.a.,,,,,,,,,,,
D,counter_b1,GBP_AUD 16MAY2007D,15/05/2007 22:00,2.38457,2.40205,2.37291,2.37953,1.5,long,N,n.a.,n.a.,,,,,,,,,,,
D,counter_b1,GBP_AUD 29MAY2007D,28/05/2007 22:00,2.41772,2.39382,2.43379,2.4275,1.5,short,N,n.a.,n.a.,,,,,,,,,,,
D,counter_b1,GBP_AUD 06FEB2008D,05/02/2008 22:00,2.19678,2.24695,2.16244,2.16775,1.5,long,N,n.a.,n.a.,,,,,,,,,,,
H12,counter_b1,GBP_AUD 17APR2008H12,14/04/2008 09:00,2.10637,2.13141,2.08968,2.09379,1.5,long,N,n.a.,n.a.,,,,,,,,,,,
D,counter_b1,GBP_AUD 19JAN2009D,18/01/2009 22:00,2.19064,2.11427,2.24098,2.22875,1.5,short,Y,n.a.,n.a.,,,,,,,,,,,
D,counter_b1,GBP_AUD 15APR2009D,14/04/2009 22:00,2.06284,2.14049,2.01194,2.0431,1.5,long,N,n.a.,n.a.,,,,,,,,,,,
D,counter_b1,GBP_AUD 05MAY2011D,04/05/2011 22:00,1.53754,1.57774,1.51068,1.51597,1.5,long,N,n.a.,n.a.,,,,,,,,,,,
D,counter_b1,GBP_AUD 05OCT2011D,04/10/2011 22:00,1.61453,1.57854,1.63897,1.63337,1.5,short,Y,n.a.,n.a.,,,,,,,,,,,
D,counter_b1,GBP_AUD 09AUG2013D,08/08/2013 22:00,1.70404,1.65878,1.73396,1.71884,1.5,short,N,Y,Y,,,,,,,,,,,
D,counter_b1,GBP_AUD 06DEC2013D,05/12/2013 22:00,1.79818,1.76228,1.82198,1.8136,1.5,short,N,N,Y,,,,,,,,,,,
D,counter_b1,GBP_AUD 10FEB2014D,09/02/2014 22:00,1.8349,1.8853,1.80059,1.81038,1.5,long,N,n.a.,n.a.,,,,,,,,,,,
D,counter_b1,GBP_AUD 26MAR2015D,25/03/2015 22:00,1.90235,1.93044,1.88354,1.89664,1.5,long,N,n.a.,n.a.,,,,,,,,,,,
D,counter_b1,GBP_AUD 25MAY2015D,24/05/2015 22:00,1.97612,1.93812,2.00119,1.98206,1.5,short,N,n.a.,n.a.,,,,,,,,,,,
D,counter_b1,GBP_AUD 02JUN2015D,01/06/2015 22:00,1.99016,1.96601,2.00596,1.99834,1.5,short,N,n.a.,n.a.,,,,,,,,,,,
D,counter_b1,GBP_AUD 09SEP2015D,08/09/2015 22:00,2.1851,2.137,2.21714,2.20545,1.5,short,N,n.a.,n.a.,,,,,,,,,,,
D,counter_b1,GBP_AUD 18MAR2016D,17/03/2016 22:00,1.90206,1.95764,1.86573,1.89093,1.5,long,N,Y,N,,,,,,,,,,,
D,counter_b1,GBP_AUD 11MAY2016D,10/05/2016 22:00,1.9574,1.92528,1.97826,1.97808,1.5,short,Y,n.a.,n.a.,,,,,,,,,,,
D,counter_b1,GBP_AUD 26AUG2016D,25/08/2016 22:00,1.72957,1.70785,1.7444,1.73602,1.5,short,N,n.a.,n.a.,,,,,,,,,,,
D,counter_b1,GBP_AUD 15NOV2016D,14/11/2016 22:00,1.64831,1.60336,1.67902,1.67321,1.5,short,N,n.a.,n.a.,,,,,,,,,,,
D,counter_b1,GBP_AUD 17JAN2017D,16/01/2017 22:00,1.61869,1.65858,1.59165,1.59513,1.5,long,N,n.a.,n.a.,,,,,,,,,,,
D,counter_b1,GBP_AUD 30JAN2017D,29/01/2017 22:00,1.65858,1.63128,1.67657,1.67321,1.5,short,N,n.a.,n.a.,,,,,,,,,,,
H12,counter_b1,GBP_AUD 02MAR2017H12,02/03/2017 10:00,1.61345,1.63762,1.59755,1.59966,1.5,long,N,n.a.,n.a.,,,,,,,,,,,
D,counter_b1,GBP_AUD 11MAY2017D,10/05/2017 22:00,1.74973,1.72025,1.76939,1.76835,1.5,short,Y,n.a.,n.a.,,,,,,,,,,,
D,counter_b1,GBP_AUD 29MAR2018D,28/03/2018 22:00,1.83538,1.81033,1.85191,1.83966,1.5,short,N,Y,Y,,,,,,,,,,,
H12,counter_b1,GBP_AUD 21FEB2019H12,21/02/2019 22:00,1.83264,1.81335,1.84541,1.8404,1.5,short,N,n.a.,n.a.,,,,,,,,,,,
H12,counter_b1,GBP_AUD 07MAR2019H12,07/03/2019 10:00,1.86771,1.85198,1.87804,1.86985,1.5,short,N,Y,Y,,,,,,,,,,,
D,counter_b1,GBP_AUD 26APR2019D,25/04/2019 22:00,1.83632,1.8233,1.84488,1.8404,1.5,short,N,n.a.,n.a.,,,,,,,,,,,
D,counter_b1,GBP_AUD 05JUL2019D,04/07/2019 22:00,1.79435,1.8077,1.78539,1.78919,1.5,long,N,N,Y,,,,,,,,,,,
D,counter_b1,EUR_GBP 15MAR2004D,14/03/2004 22:00,0.67724,0.66662,0.6844,0.6808,1.5,short,N,n.a.,n.a.,,,,,,,,,,,
D,counter_b1,EUR_GBP 04JUN2004D,03/06/2004 22:00,0.66704,0.67418,0.66229,0.66379,1.5,long,N,n.a.,n.a.,,,,,,,,,,,
D,counter_b1,EUR_GBP 07APR2005D,06/04/2005 22:00,0.68592,0.69128,0.68227,0.68445,1.5,long,Y,n.a.,n.a.,,,,,,,,,,,
D,counter_b1,EUR_GBP 03JUN2005D,02/06/2005 22:00,0.67647,0.68222,0.67239,0.67405,1.4,long,N,n.a.,n.a.,,,,,,,,,,,
D,counter_b1,EUR_GBP 27JUL2005D,26/07/2005 22:00,0.69195,0.69625,0.68907,0.6898,1.5,long,N,n.a.,n.a.,,,,,,,,,,,
D,counter_b1,EUR_GBP 17APR2006D,16/04/2006 22:00,0.69182,0.69515,0.68958,0.6898,1.5,long,N,n.a.,n.a.,,,,,,,,,,,
D,counter_b1,EUR_GBP 22AUG2006D,21/08/2006 22:00,0.6797,0.67469,0.68312,0.68211,1.5,short,Y,n.a.,n.a.,,,,,,,,,,,
D,counter_b1,EUR_GBP 04SEP2006D,03/09/2006 22:00,0.67396,0.6775,0.67159,0.67213,1.5,long,N,n.a.,n.a.,,,,,,,,,,,
H12,counter_b1,EUR_GBP 11SEP2006H12,11/09/2006 21:00,0.68023,0.67617,0.68287,0.68211,1.5,short,Y,n.a.,n.a.,,,,,,,,,,,
H12,counter_b1,EUR_GBP 18SEP2006H12,18/09/2006 09:00,0.67361,0.67688,0.6715,0.67213,1.5,long,N,n.a.,n.a.,,,,,,,,,,,
D,counter_b1,EUR_GBP 19OCT2006D,18/10/2006 22:00,0.67136,0.67497,0.66895,0.67005,1.5,long,N,n.a.,n.a.,,,,,,,,,,,
H12,counter_b1,EUR_GBP 23JAN2007H12,23/01/2007 10:00,0.65605,0.65966,0.65364,0.65511,1.5,long,N,Y,Y,,,,,,,,,,,
D,counter_b1,EUR_GBP 26FEB2007D,25/02/2007 22:00,0.67116,0.67437,0.669,0.67005,1.5,long,N,n.a.,n.a.,,,,,,,,,,,
D,counter_b1,EUR_GBP 22MAR2007D,21/03/2007 22:00,0.68093,0.6868,0.67695,0.67894,1.5,long,Y,n.a.,n.a.,,,,,,,,,,,
H12,counter_b1,EUR_GBP 29OCT2007H12,29/10/2007 09:00,0.70047,0.69704,0.70274,0.70148,1.5,short,N,n.a.,n.a.,,,,,,,,,,,
D,counter_b1,EUR_GBP 28NOV2007D,27/11/2007 22:00,0.7162,0.7065,0.72284,0.72054,1.5,short,N,n.a.,n.a.,,,,,,,,,,,
D,counter_b1,EUR_GBP 10DEC2007D,09/12/2007 22:00,0.71902,0.71127,0.72427,0.72054,1.5,short,N,n.a.,n.a.,,,,,,,,,,,
D,counter_b1,EUR_GBP 05MAY2008D,04/05/2008 22:00,0.78347,0.7945,0.77613,0.77954,1.5,long,N,n.a.,n.a.,,,,,,,,,,,
D,counter_b1,EUR_GBP 05SEP2008D,04/09/2008 22:00,0.80921,0.79329,0.81998,0.81108,1.5,short,N,n.a.,n.a.,,,,,,,,,,,
D,counter_b1,EUR_GBP 19JAN2009D,19/01/2009 22:00,0.90365,0.93469,0.88271,0.88933,1.5,long,N,n.a.,n.a.,,,,,,,,,,,
D,counter_b1,EUR_GBP 20MAR2009D,19/03/2009 22:00,0.93717,0.91548,0.95142,0.94289,1.5,short,N,n.a.,n.a.,,,,,,,,,,,
D,counter_b1,EUR_GBP 14OCT2009D,13/10/2009 22:00,0.93033,0.90864,0.94458,0.94289,1.5,short,N,Y,Y,,,,,,,,,,,
D,counter_b1,EUR_GBP 23OCT2009D,22/10/2009 22:00,0.90711,0.9295,0.89917,0.90307,1.5,long,N,n.a.,n.a.,,,,,,,,,,,
D,counter_b1,EUR_GBP 07MAY2010D,06/05/2010 22:00,0.85492,0.87404,0.84227,0.84442,1.5,long,N,n.a.,n.a.,,,,,,,,,,,
D,counter_b1,EUR_GBP 28MAY2010D,27/05/2010 22:00,0.85128,0.86539,0.84195,0.84442,1.5,long,N,n.a.,n.a.,,,,,,,,,,,
D,counter_b1,EUR_GBP 14OCT2010D,13/10/2010 22:00,0.87782,0.867,0.88502,0.88309,1.5,short,N,Y,N,,,,,,,,,,,
D,counter_b1,EUR_GBP 14APR2011D,13/04/2011 22:00,0.88663,0.87767,0.89266,0.88803,1.5,short,N,n.a.,n.a.,,,,,,,,,,,
D,counter_b1,EUR_GBP 02MAY2011D,01/05/2011 22:00,0.88694,0.87606,0.89431,0.89133,1.5,short,N,n.a.,n.a.,,,,,,,,,,,
D,counter_b1,EUR_GBP 31MAY2011D,30/05/2011 22:00,0.86891,0.88043,0.86086,0.86413,1.5,long,Y,n.a.,n.a.,,,,,,,,,,,
D,counter_b1,EUR_GBP 19JUL2011D,18/07/2011 22:00,0.87958,0.89172,0.87013,0.87504,1.5,long,N,n.a.,n.a.,,,,,,,,,,,
D,counter_b1,EUR_GBP 22MAY2012H12,22/05/2012 09:00,0.8074,0.80223,0.81076,0.80922,1.5,short,N,n.a.,n.a.,,,,,,,,,,,
D,counter_b1,EUR_GBP 08AUG2012D,07/08/2012 22:00,0.79182,0.78316,0.79759,0.796,1.5,short,N,n.a.,n.a.,,,,,,,,,,,
D,counter_b1,EUR_GBP 28SEP2012D,27/09/2012 22:00,0.79831,0.80716,0.79251,0.796,1.5,long,N,n.a.,n.a.,,,,,,,,,,,
H12,counter_b1,EUR_GBP 09OCT2012H12,09/10/2012 09:00,0.80656,0.80128,0.81006,0.80922,1.5,short,Y,n.a.,n.a.,,,,,,,,,,,
D,counter_b1,EUR_GBP 12NOV2012D,11/11/2012 22:00,0.79991,0.80649,0.79544,0.796,1.5,long,N,n.a.,n.a.,,,,,,,,,,,
D,counter_b1,EUR_GBP 07JAN2013D,06/01/2013 22:00,0.81421,0.8223,0.8085,0.80912,1.5,long,N,n.a.,n.a.,,,,,,,,,,,
D,counter_b1,EUR_GBP 09SEP2013D,08/09/2013 22:00,0.84354,0.85057,0.83904,0.84163,1.5,long,Y,n.a.,n.a.,,,,,,,,,,,
D,counter_b1,EUR_GBP 10JAN2014D,09/01/2014 22:00,0.82771,0.83474,0.82282,0.82351,1.44,long,N,n.a.,n.a.,,,,,,,,,,,
D,counter_b1,EUR_GBP 25JUN2014D,24/06/2014 22:00,0.8029,0.81322,0.79612,0.79684,1.5,long,N,N,Y,,,,,,,,,,,
D,counter_b1,EUR_GBP 10OCT2014D,09/10/2014 22:00,0.78538,0.77735,0.79065,0.78969,1.5,short,N,n.a.,n.a.,,,,,,,,,,,
D,counter_b1,EUR_GBP 02JAN2015D,01/01/2015 22:00,0.77956,0.78752,0.77425,0.77607,1.5,long,N,n.a.,n.a.,,,,,,,,,,,
D,counter_b1,EUR_GBP 28MAY2015D,27/05/2015 22:00,0.71207,0.72505,0.70334,0.70561,1.5,long,N,n.a.,n.a.,,,,,,,,,,,
D,counter_b1,EUR_GBP 03SEP2015D,02/09/2015 22:00,0.73265,0.71721,0.74326,0.73803,1.46,short,N,n.a.,n.a.,,,,,,,,,,,
D,counter_b1,EUR_GBP 02OCT2015D,01/10/2015 22:00,0.736,0.72389,0.74401,0.73939,1.5,short,N,n.a.,n.a.,,,,,,,,,,,
H12,counter_b1,EUR_GBP 25JAN2016H12,25/01/2016 10:00,0.76078,0.77365,0.75211,0.75753,1.5,long,N,n.a.,n.a.,,,,,,,,,,,
D,counter_b1,EUR_GBP 28MAR2016D,27/03/2016 22:00,0.78798,0.77714,0.79513,0.79126,1.5,long,N,n.a.,n.a.,,,,,,,,,,,
D,counter_b1,EUR_GBP 17AUG2016D,16/08/2016 22:00,0.86286,0.84366,0.87552,0.87343,1.5,short,N,Y,Y,,,,,,,,,,,
D,counter_b1,EUR_GBP 07SEP2016D,06/09/2016 22:00,0.84116,0.85317,0.83318,0.83755,1.5,long,N,n.a.,n.a.,,,,,,,,,,,
H12,counter_b1,EUR_GBP 26SEP2016H12,26/09/2016 21:00,0.86674,0.85748,0.87275,0.8696,1.5,short,N,n.a.,n.a.,,,,,,,,,,,
D,counter_b1,EUR_GBP 28OCT2016D,27/10/2016 22:00,0.89807,0.91444,0.88701,0.8909,1.5,long,N,n.a.,n.a.,,,,,,,,,,,
D,counter_b1,EUR_GBP 24APR2017D,23/04/2017 22:00,0.83916,0.85343,0.82978,0.83406,1.5,long,Y,n.a.,n.a.,,,,,,,,,,,
D,counter_b1,EUR_GBP 07JUN2017D,06/06/2017 22:00,0.86976,0.85744,0.87787,0.8749,1.5,short,N,n.a.,n.a.,,,,,,,,,,,
D,counter_b1,EUR_GBP 30AUG2017D,29/08/2017 22:00,0.92411,0.91318,0.93139,0.9279,1.5,short,N,N,N,,,,,,,,,,,
D,counter_b1,EUR_GBP 16NOV2017D,15/11/2017 22:00,0.89466,0.88373,0.90194,0.89789,1.5,short,N,n.a.,n.a.,,,,,,,,,,,
D,counter_b1,EUR_GBP 26MAR2018D,25/03/2018 22:00,0.87544,0.88678,0.86779,0.87312,1.5,long,N,n.a.,n.a.,,,,,,,,,,,
D,counter_b1,EUR_GBP 23JUL2018D,22/07/2018 22:00,0.89205,0.88576,0.89623,0.89565,1.5,short,N,n.a.,n.a.,,,,,,,,,,,
D,counter_b1,EUR_GBP 16AUG2018D,15/08/2018 22:00,0.89415,0.90103,0.88956,0.89313,1.5,long,N,n.a.,n.a.,,,,,,,,,,,
D,counter_b1,EUR_GBP 12NOV2018D,11/11/2018 22:00,0.87429,0.88258,0.86872,0.87042,1.5,long,N,n.a.,n.a.,,,,,,,,,,,
D,counter_b1,EUR_GBP 17DEC2018D,16/12/2018 22:00,0.90022,0.9065,0.89599,0.89715,1.5,long,N,n.a.,n.a.,,,,,,,,,,,
D,counter_b1,EUR_GBP 01JUl2019D,30/06/2019 22:00,0.89415,0.88606,0.89959,0.89715,1.5,short,N,n.a.,n.a.,,,,,,,,,,,
D,counter_b1,EUR_GBP 14AUG2019D,13/08/2019 22:00,0.92398,0.91128,0.93256,0.9279,1.5,short,N,Y,Y,,,,,,,,,,,
D,counter_b1,USD_JPY 23JAN2006D,23/01/2016 22:00,114.862,113.391,115.843,115.788,1.5,short,N,n.a.,n.a.,,,,,,,,,,,
D,counter_b1,USD_JPY 21MAR2006D,20/03/2006 22:00,116.493,118.053,115.454,115.788,1.5,long,N,n.a.,n.a.,,,,,,,,,,,
D,counter_b1,USD_JPY 05JUN2007D,04/06/2007 22:00,121.542,120.56,122.199,122.004,1.5,short,N,N,N,,,,,,,,,,,
D,counter_b1,USD_JPY 31JUL2007D,30/07/2007 22:00,119.318,121.162,118.07,118.666,1.5,long,Y,n.a.,n.a.,,,,,,,,,,,
H12,counter_b1,USD_JPY 13NOV2007H12,13/11/2007 10:00,110.53,112.763,109.041,109.407,1.5,long,N,N,Y,,,,,,,,,,,
H12,counter_b1,USD_JPY 11MAR2008H12,11/03/2008 09:00,102.369,103.845,101.396,101.948,1.5,long,N,Y,Y,,,,,,,,,,,
D,counter_b1,CAD_JPY 24APR2007D,23/04/2007 22:00,105.293,n.a.,106.04,105.967,1.5,short,N,n.a.,n.a.,,,,,,,,,,,
D,counter_b1,CAD_JPY 24NOV2008D,21/11/2008 22:00,75.574,n.a.,70.854,72.059,1.5,long,N,n.a.,n.a.,,,,,,,,,,,
D,counter_b1,CAD_JPY 07AUG2009D,06/08/2009 22:00,87.884,n.a.,89.9,88.596,1.5,short,Y,n.a.,n.a.,,,,,,,,,,,
D,counter_b1,CAD_JPY 20JUL2010D,19/07/2010 22:00,82.967,n.a.,81.509,81.721,1.5,long,N,n.a.,n.a.,,,,,,,,,,,
D,counter_b1,CAD_JPY 21OCT2010D,20/10/2010 22:00,79.547,n.a.,78.347,78.701,1.5,long,N,n.a.,n.a.,,,,,,,,,,,
D,counter_b1,CAD_JPY 18MAR2013D,15/03/2013 22:00,92.908,n.a.,94.686,94.129,1.5,short,N,n.a.,n.a.,,,,,,,,,,,
D,counter_b1,CAD_JPY 15FEB2016D,12/02/2016 22:00,82.291,n.a.,79.143,80.46,1.5,long,N,n.a.,n.a.,,,,,,,,,,,
D,counter_b1,CAD_JPY 08AUG2016D,05/08/2016 22:00,77.904,n.a.,76.52,76.861,1.5,long,N,n.a.,n.a.,,,,,,,,,,,
D,counter_b1,CAD_JPY 06JAN2017D,05/01/2017 22:00,87.194,n.a.,89.006,88.447,1.5,short,N,n.a.,n.a.,,,,,,,,,,,
D,counter_b1,CAD_JPY 04JUN2019D,03/06/2019 22:00,80.507,n.a.,79.898,79.996,1.5,long,N,n.a.,n.a.,,,,,,,,,,,
D,counter_b1,GBP_AUD 06FEB2008D,05/02/2008 22:00,2.19724,n.a.,2.16596,2.17349,1.5,long,N,n.a.,n.a.,,,,,,,,,,,
D,counter_b1,GBP_AUD 30MAR2009D,27/03/2009 22:00,2.09334,n.a.,2.04176,2.04615,1.5,long,N,n.a.,n.a.,,,,,,,,,,,
D,counter_b1,GBP_AUD 13JAN2010D,12/01/2010 22:00,1.76271,n.a.,1.72405,1.73338,1.5,long,N,n.a.,n.a.,,,,,,,,,,,
D,counter_b1,GBP_AUD 05MAY2011D,04/05/2011 22:00,1.5384,n.a.,1.51053,1.51688,1.5,long,N,n.a.,n.a.,,,,,,,,,,,
D,counter_b1,GBP_AUD 03SEP2013D,02/09/2013 22:00,1.72271,n.a.,1.74874,1.74615,1.5,short,N,n.a.,n.a.,,,,,,,,,,,
D,counter_b1,GBP_AUD 10SEP2015D,09/09/2015 22:00,2.17766,n.a.,2.2368,2.1938,1.5,short,N,n.a.,n.a.,,,,,,,,,,,
D,counter_b1,GBP_AUD 17JUL2017D,16/07/2017 22:00,1.62032,n.a.,1.58265,1.59992,1.5,long,N,n.a.,n.a.,,,,,,,,,,,
D,counter_b1,GBP_AUD 29MAR2018D,28/03/2018 22:00,1.83438,n.a.,1.85389,1.84042,1.5,short,N,N,Y,,,,,,,,,,,
D,counter_b1,GBP_AUD 10APR2018D,09/04/2018 22:00,1.83068,n.a.,1.85161,1.84042,1.5,short,N,n.a.,n.a.,,,,,,,,,,,
D,counter_b1,GBP_AUD 12SEP2018D,11/09/2018 22:00,1.82576,n.a.,1.84074,1.83697,1.5,short,N,N,Y,,,,,,,,,,,
D,counter_b1,GBP_AUD 19SEP2018D,18/09/2018 22:00,1.8193,n.a.,1.84112,1.83697,1.5,short,N,n.a.,n.a.,,,,,,,,,,,
D,counter_b1,GBP_AUD 29JAN2019D,28/01/2019 22:00,1.83242,n.a.,1.85304,1.8403,1.5,short,N,N,Y,,,,,,,,,,,
D,counter_b1,GBP_AUD 25FEB2019D,22/02/2019 22:00,1.82243,n.a.,1.84615,1.8403,1.5,short,N,n.a.,n.a.,,,,,,,,,,,
D,counter_b1,EUR_CHF 04OCT2007D,03/10/2007 22:00,1.6612,n.a.,1.66966,1.66575,1.5,short,N,n.a.,n.a.,,,,,,,,,,,
D,counter_b1,EUR_CHF 07MAY2008D,06/05/2008 22:00,1.62481,n.a.,1.63548,1.63272,1.5,short,N,N,Y,,,,,,,,,,,
D,counter_b1,EUR_CHF 20MAY2008D,19/05/2008 22:00,1.62598,n.a.,1.63956,1.63272,1.5,short,N,n.a.,n.a.,,,,,,,,,,,
D,counter_b1,EUR_CHF 08AUG2008D,07/08/2008 22:00,1.62528,n.a.,1.63982,1.63272,1.5,short,N,n.a.,n.a.,,,,,,,,,,,
D,counter_b1,EUR_CHF 16JAN2009D,15/01/2009 22:00,1.48316,n.a.,1.46506,1.47634,1.5,long,N,n.a.,n.a.,,,,,,,,,,,
D,counter_b1,EUR_CHF 19FEB2009D,18/02/2009 22:00,1.48444,n.a.,1.46627,1.47634,1.5,long,N,n.a.,n.a.,,,,,,,,,,,
D,counter_b1,EUR_CHF 29JAN2010D,28/01/2010 22:00,1.47455,n.a.,1.46709,1.46994,1.5,long,N,Y,Y,,,,,,,,,,,
D,counter_b1,EUR_CHF 04SEP2015D,03/09/2015 22:00,1.08153,n.a.,1.09688,1.0928,1.5,short,N,n.a.,n.a.,,,,,,,,,,,
D,counter_b1,NZD_USD 04JAN2007D,03/01/2007 22:00,0.7037,n.a.,0.71071,0.70793,1.5,short,N,N,Y,,,,,,,,,,,
D,counter_b1,NZD_USD 08NOV2007D,07/11/2007 22:00,0.77344,n.a.,0.78997,0.77761,1.5,short,N,n.a.,n.a.,,,,,,,,,,,
D,counter_b1,NZD_USD 10DEC2007D,07/12/2007 22:00,0.7731,n.a.,0.78865,0.77761,1.5,short,N,n.a.,n.a.,,,,,,,,,,,
D,counter_b1,NZD_USD 16JUN2008D,13/06/2008 22:00,0.75353,n.a.,0.73828,0.74539,1.5,long,Y,N,Y,,,,,,,,,,,
D,counter_b1,NZD_USD 24NOV2008D,21/11/2008 22:00,0.53722,n.a.,0.51786,0.52336,1.5,long,N,Y,Y,,,,,,,,,,,
D,counter_b1,NZD_USD 07APR2009D,06/04/2009 22:00,0.5847,n.a.,0.60427,0.59643,1.5,short,N,Y,Y,,,,,,,,,,,
D,counter_b1,NZD_USD 30JUL2009D,29/07/2009 22:00,0.64831,n.a.,0.66459,0.65954,1.5,short,N,n.a.,n.a.,,,,,,,,,,,
D,counter_b1,NZD_USD 19APR2011D,18/04/2011 22:00,0.78428,n.a.,0.80051,0.79618,1.5,short,N,N,N,,,,,,,,,,,
D,counter_b1,NZD_USD 02JUN2011D,01/06/2011 22:00,0.81253,n.a.,0.82708,0.82049,1.5,short,N,Y,Y,,,,,,,,,,,
D,counter_b1,NZD_USD 25MAY2012D,24/05/2012 22:00,0.75846,n.a.,0.74505,0.75041,1.5,long,N,N,N,,,,,,,,,,,
D,counter_b1,NZD_USD 04JUN2012 22:00,01/06/2012 22:00,0.75846,n.a.,0.74505,0.75041,1.5,long,N,n.a.,n.a.,,,,,,,,,,,
D,counter_b1,NZD_USD 06FEB2013D,05/02/2013 22:00,0.84104,n.a.,0.84933,0.84663,1.5,short,N,n.a.,n.a.,,,,,,,,,,,
D,counter_b1,NZD_USD 22OCT2013D,21/10/2013 22:00,0.84349,n.a.,0.85363,0.84986,1.5,short,N,Y,Y,,,,,,,,,,,
D,counter_b1,NZD_USD 30JUN2014D,27/06/2014 22:00,0.87522,n.a.,0.88076,0.87895,1.5,short,N,Y,Y,,,,,,,,,,,
D,counter_b1,NZD_USD 02OCT2014D,01/10/2014 22:00,0.78678,n.a.,0.77034,0.77543,1.5,long,N,N,N,,,,,,,,,,,
D,counter_b1,NZD_USD 07AUG2015D,06/08/2015 22:00,0.65654,n.a.,0.6479,0.6515,1.5,long,N,n.a.,n.a.,,,,,,,,,,,
D,counter_b1,NZD_USD 06JUL2016D,05/07/2016 22:00,0.71356,n.a.,0.72992,0.72536,1.5,short,N,n.a.,n.a.,,,,,,,,,,,
D,counter_b1,NZD_USD 18JUL2017D,17/07/2017 22:00,0.72955,n.a.,0.73783,0.73415,1.5,short,N,n.a.,n.a.,,,,,,,,,,,
D,counter_b1,NZD_USD 02NOV2017D,01/11/2017 22:00,0.69299,n.a.,0.68117,0.6858,1.5,long,N,N,Y,,,,,,,,,,,
D,counter_b1,NZD_USD 25JAN2018D,24/01/2018 22:00,0.73321,n.a.,0.74495,0.73654,1.5,short,N,Y,N,,,,,,,,,,,
D,counter_b1,NZD_USD 19FEB2018D,16/02/2018 22:00,0.73604,n.a.,0.74434,0.73654,1.5,short,N,n.a.,n.a.,,,,,,,,,,,
D,counter_b1,NZD_USD 16APR2018D,13/04/2018 22:00,0.73382,n.a.,0.73973,0.73654,1.5,short,N,n.a.,n.a.,,,,,,,,,,,
D,counter_b1,NZD_USD 17AUG2018D,16/08/2018 22:00,0.66164,n.a.,0.65426,0.65842,1.5,long,N,Y,Y,,,,,,,,,,,
D,counter_b1,NZD_USD 20NOV2018D,19/11/2018 22:00,0.68097,n.a.,0.68912,0.68389,1.5,short,N,N,Y,,,,,,,,,,,
D,counter_b1,AUD_USD 04JAN2007D,03/01/2007 22:00,0.79043,n.a.,0.79822,0.79698,1.5,short,N,Y,Y,,,,,,,,,,,
D,counter_b1,AUD_USD 17MAR2008D,14/03/2008 22:00,0.93416,n.a.,0.94961,0.94767,1.5,short,N,n.a.,n.a.,,,,,,,,,,,
D,counter_b1,AUD_USD 25APR2008D,24/04/2008 22:00,0.93757,n.a.,0.95474,0.94767,1.5,short,N,n.a.,n.a.,,,,,,,,,,,
D,counter_b1,AUD_USD 28AUG2008D,27/08/2008 22:00,0.86367,n.a.,0.8486,0.85822,1.5,long,N,N,Y,,,,,,,,,,,
D,counter_b1,AUD_USD 19SEP2008D,18/09/2008 22:00,0.8098,n.a.,0.78148,0.79698,1.5,long,N,Y,Y,,,,,,,,,,,
D,counter_b1,AUD_USD 24NOV2008D,21/11/2008 22:00,0.63319,n.a.,0.59853,0.60309,1.5,long,N,n.a.,n.a.,,,,,,,,,,,
D,counter_b1,AUD_USD 26OCT2009D,23/10/2009 22:00,0.91815,n.a.,0.93471,0.93375,1.5,short,N,N,Y,,,,,,,,,,,
D,counter_b1,AUD_USD 12NOV2009D,11/11/2009 22:00,0.92643,n.a.,0.93615,0.93375,1.5,short,N,n.a.,n.a.,,,,,,,,,,,
D,counter_b1,AUD_USD 18JAN2010D,15/01/2010 22:00,0.92111,n.a.,0.94063,0.93375,1.5,short,N,n.a.,n.a.,,,,,,,,,,,
D,counter_b1,AUD_USD 07OCT2014D,06/10/2014 22:00,0.87922,n.a.,0.86416,0.8689,1.5,long,N,N,N,,,,,,,,,,,
D,counter_b1,AUD_USD 01FEB2018D,31/01/2018 22:00,0.80389,n.a.,0.81355,0.81013,1.5,short,N,N,Y,,,,,,,,,,,
D,counter_b1,AUD_USD 22JUN2018D,21/06/2018 22:00,0.74105,n.a.,0.7336,0.73475,1.5,long,N,Y,Y,,,,,,,,,,,
D,counter_b1,USD_JPY 25MAY2007D,24/05/2007 22:00,121.48,n.a.,122.233,121.882,1.5,short,N,N,N,,,,,,,,,,,
D,counter_b1,USD_JPY 04SEP2009D,03/09/2009 22:00,92.844,n.a.,91.615,92.332,1.5,long,N,n.a.,n.a.,,,,,,,,,,,
D,counter_b1,USD_JPY 03DEC2009D,02/12/2009 22:00,87.661,n.a.,84.824,86.824,1.5,long,N,n.a.,Y,,,,,,,,,,,
D,counter_b1,USD_JPY 05MAY2010 ,04/05/2010 22:00,94.288,n.a.,95.1,94.435,1.5,short,Y,n.a.,n.a.,,,,,,,,,,,
D,counter_b1,USD_JPY 23JUL2010D,22/07/2010 22:00,87.316,n.a.,86.221,86.691,1.5,long,N,Y,Y,,,,,,,,,,,
D,counter_b1,USD_JPY 22MAY2012D,21/05/2012 22:00,79.454,n.a.,78.856,78.932,1.5,long,N,n.a.,n.a.,,,,,,,,,,,
D,counter_b1,USD_JPY 06NOV2012D,05/11/2012 22:00,80.109,n.a.,80.712,80.377,1.5,short,N,n.a.,n.a.,,,,,,,,,,,
D,counter_b1,USD_JPY 13FEB2013D,12/02/2013 22:00,92.954,n.a.,94.525,94.507,1.5,short,N,Y,Y,,,,,,,,,,,
D,counter_b1,USD_JPY 11MAR2015D,10/03/2015 22:00,120.906,n.a.,122.039,121.501,1.5,short,N,n.a.,n.a.,,,,,,,,,,,
D,counter_b1,USD_JPY 04MAY2016D,03/05/2016 22:00,106.821,n.a.,105.221,105.589,1.5,long,N,Y,Y,,,,,,,,,,,
D,counter_b1,USD_JPY 26AUG2016D,25/08/2016 22:00,101.193,n.a.,99.452,100.1,1.5,long,N,n.a.,n.a.,,,,,,,,,,,
D,counter_b1,USD_JPY 19FEB2018D,16/02/2018 22:00,106.441,n.a.,105.493,105.589,1.5,long,N,N,Y,,,,,,,,,,,
D,counter_b1,USD_JPY 06MAR2018,05/03/2018 22:00,106.308,n.a.,105.199,105.589,1.5,long,N,Y,Y,,,,,,,,,,,
D,counter_b1,USD_JPY 23MAY2018D,22/05/2018 22:00,110.806,n.a.,111.42,111.029,1.5,short,N,N,Y,,,,,,,,,,,
D,counter_b1,USD_JPY 04JUL2018D,03/07/2018 22:00,110.491,n.a.,111.415,111.029,1.5,short,N,n.a.,n.a.,,,,,,,,,,,
D,counter_b1,USD_JPY 05OCT2018D,04/10/2018 22:00,113.609,n.a.,114.577,114.315,1.5,short,N,N,N,,,,,,,,,,,
D,counter_b1,USD_JPY 13NOV2018D,12/11/2018 22:00,113.645,n.a.,114.613,114.315,1.5,short,N,n.a.,n.a.,,,,,,,,,,,
D,counter_b1,GBP_USD 04APR2007D,03/04/2007 22:00,1.97224,n.a.,1.98418,1.98098,1.5,short,N,n.a.,n.a.,,,,,,,,,,,
D,counter_b1,GBP_USD 12MAR2009D,11/03/2009 22:00,1.39079,n.a.,1.34903,1.37791,1.5,long,N,n.a.,n.a.,,,,,,,,,,,
D,counter_b1,GBP_USD 15JUN2009D,12/06/2009 22:00,1.63289,n.a.,1.66612,1.65678,1.5,short,N,n.a.,n.a.,,,,,,,,,,,
D,counter_b1,GBP_USD 11MAR2010D,10/03/2010 22:00,1.50222,n.a.,1.47844,1.49601,1.5,long,N,n.a.,n.a.,,,,,,,,,,,
D,counter_b1,GBP_USD 12OCT2010D,11/10/2010 22:00,1.58305,n.a.,1.60328,1.59381,1.5,short,N,n.a.,n.a.,,,,,,,,,,,
D,counter_b1,GBP_USD 03MAY2011D,02/05/2011 22:00,1.66156,n.a.,1.67523,1.66848,1.5,short,N,N,Y,,,,,,,,,,,
D,counter_b1,GBP_USD 06JUN2012D,05/06/2012 22:00,1.54192,n.a.,1.5263,1.53304,1.5,long,N,N,N,,,,,,,,,,,
D,counter_b1,GBP_USD 19SEP2012D,18/09/2012 22:00,1.62194,n.a.,1.63073,1.62587,1.5,short,N,N,Y,,,,,,,,,,,
D,counter_b1,GBP_USD 20DEC2012D,19/12/2012 22:00,1.62408,n.a.,1.63166,1.62587,1.5,short,N,n.a.,n.a.,,,,,,,,,,,
D,counter_b1,GBP_USD 03JAN2013D,02/01/2013 22:00,1.62408,n.a.,1.6358,1.62681,1.5,short,N,n.a.,n.a.,,,,,,,,,,,
D,counter_b1,GBP_USD 09JUL2013D,08/07/2013 22:00,1.49696,n.a.,1.48286,1.48789,1.5,long,N,n.a.,n.a.,,,,,,,,,,,
D,counter_b1,GBP_USD 22AUG2013D,21/08/2013 22:00,1.56322,n.a.,1.57632,1.57174,1.5,short,N,n.a.,n.a.,,,,,,,,,,,
D,counter_b1,GBP_USD 18FEB2014D,17/02/2014 22:00,1.6696,n.a.,1.68294,1.6736,1.5,short,N,n.a.,n.a.,,,,,,,,,,,
D,counter_b1,GBP_USD 10MAR2014D,07/03/2014 22:00,1.66925,n.a.,1.68259,1.6736,1.5,short,N,n.a.,n.a.,,,,,,,,,,,
D,counter_b1,GBP_USD 18JUN2014D,17/06/2014 22:00,1.694,n.a.,1.70174,1.69884,1.5,short,N,n.a.,n.a.,,,,,,,,,,,
D,counter_b1,GBP_USD 24DEC2015D,23/12/2015 22:00,1.49091,n.a.,1.48039,1.48424,1.5,long,N,n.a.,n.a.,,,,,,,,,,,
D,counter_b1,GBP_USD 01NOV2018D,31/10/2018 22:00,1.28354,n.a.,1.26568,1.26995,1.5,long,N,n.a.,n.a.,,,,,,,,,,,
D,counter_b1,GBP_USD 24MAY2019D,23/05/2019 22:00,1.2693,n.a.,1.25978,1.26798,1.5,long,N,N,N,,,,,,,,,,,
D,counter_b1,USD_CAD 11JAN2007D,10/01/2007 22:00,1.17167,n.a.,1.17961,1.17452,1.5,short,N,N,Y,,,,,,,,,,,
D,counter_b1,USD_CAD 15JAN2008D,14/01/2008 22:00,1.01432,n.a.,1.02507,1.0205,1.5,short,N,n.a.,n.a.,,,,,,,,,,,
D,counter_b1,USD_CAD 08SEP2008D,05/09/2008 22:00,1.06006,n.a.,1.07873,1.07059,1.5,short,N,n.a.,n.a.,,,,,,,,,,,
D,counter_b1,USD_CAD 24NOV2008D,21/11/2008 22:00,1.27306,n.a.,1.30397,1.29646,1.5,short,N,n.a.,n.a.,,,,,,,,,,,
D,counter_b1,USD_CAD 04MAR2009D,03/03/2009 22:00,1.27961,n.a.,1.30218,1.29646,1.5,short,N,n.a.,n.a.,,,,,,,,,,,
D,counter_b1,USD_CAD 29JUL2009D,28/07/2009 22:00,1.09056,n.a.,1.07292,1.07833,1.5,long,N,n.a.,n.a.,,,,,,,,,,,
D,counter_b1,USD_CAD 16OCT2009D,15/10/2009 22:00,1.03787,n.a.,1.0196,1.02951,1.5,long,N,Y,Y,,,,,,,,,,,
D,counter_b1,USD_CAD 12JAN2010D,11/01/2010 22:00,1.03972,n.a.,1.02488,1.02951,1.5,long,N,n.a.,n.a.,,,,,,,,,,,
D,counter_b1,USD_CAD 29JUL2011D,28/07/2011 22:00,0.95281,n.a.,0.94071,0.94515,1.5,long,N,n.a.,n.a.,,,,,,,,,,,
D,counter_b1,USD_CAD 29MAY2012D,28/05/2012 22:00,1.02237,n.a.,1.03126,1.02755,1.5,short,N,N,Y,,,,,,,,,,,
D,counter_b1,USD_CAD 20DEC2013D,19/12/2013 22:00,1.06608,n.a.,1.07333,1.06838,1.5,short,N,n.a.,n.a.,,,,,,,,,,,
D,counter_b1,USD_CAD 18MAR2015D,17/03/2015 22:00,1.26262,n.a.,1.28529,1.27825,1.5,short,N,n.a.,n.a.,,,,,,,,,,,
D,counter_b1,USD_CAD 10JUL2015D,09/07/2015 22:00,1.2658,n.a.,1.28486,1.27825,1.5,short,N,n.a.,n.a.,,,,,,,,,,,
D,counter_b1,USD_CAD 03DEC2015D,02/12/2015 22:00,1.33031,n.a.,1.34688,1.34034,1.5,short,N,n.a.,n.a.,,,,,,,,,,,
D,counter_b1,USD_CAD 14APR2016D,13/04/2016 22:00,1.28324,n.a.,1.27323,1.27825,1.5,long,Y,Y,Y,,,,,,,,,,,
D,counter_b1,USD_CAD 02AUG2017D,01/08/2017 22:00,1.25825,n.a.,1.24145,1.25011,1.5,long,N,N,N,,,,,,,,,,,
D,counter_b1,USD_CAD 03NOV2017D,02/11/2017 22:00,1.27994,n.a.,1.29208,1.2845,1.5,short,Y,N,Y,,,,,,,,,,,
D,counter_b1,NZD_JPY 12APR2007D,11/04/2007 22:00,86.507,n.a.,87.341,86.952,1.5,short,N,n.a.,n.a.,,,,,,,,,,,
D,counter_b1,NZD_JPY 12MAY2009D,11/05/2009 22:00,58.307,n.a.,60.598,59.024,1.5,short,N,n.a.,n.a.,,,,,,,,,,,
D,counter_b1,NZD_JPY 05MAY2010D,04/05/2010 22:00,67.834,n.a.,69.494,68.679,1.5,short,N,Y,N,,,,,,,,,,,
D,counter_b1,NZD_JPY 27SEP2011D,27/09/2011 22:00,60.056,n.a.,58.247,59.079,1.5,long,N,N,Y,,,,,,,,,,,
D,counter_b1,NZD_JPY 05MAR2012D,02/03/2012 22:00,67.32,n.a.,68.453,67.911,1.5,short,N,N,Y,,,,,,,,,,,
D,counter_b1,NZD_JPY 13MAR2013D,13/03/2013 22:00,78.663,n.a.,80.086,79.746,1.5,short,N,n.a.,n.a.,,,,,,,,,,,
D,counter_b1,NZD_JPY 10MAR2014D,07/03/2014 22:00,87.097,n.a.,88.069,87.756,1.5,short,N,n.a.,n.a.,,,,,,,,,,,
D,counter_b1,NZD_JPY 16JUL2014D,15/07/2014 22:00,89.008,n.a.,89.963,89.612,1.5,short,N,n.a.,n.a.,,,,,,,,,,,
D,counter_b1,NZD_JPY 02JAN2015D,31/12/2014 22:00,93.119,n.a.,94.157,93.749,1.5,short,N,n.a.,n.a.,,,,,,,,,,,
D,counter_b1,NZD_JPY 24JUN2015D,23/06/2015 22:00,85.135,n.a.,84.462,84.768,1.5,long,N,n.a.,n.a.,,,,,,,,,,,
D,counter_b1,NZD_JPY 20JUL2015D,17/07/2015 22:00,81.368,n.a.,80.43,80.648,1.5,long,N,n.a.,n.a.,,,,,,,,,,,
D,counter_b1,NZD_JPY 31JAN2017D,30/01/2017 22:00,82.679,n.a.,83.822,83.434,1.5,short,N,n.a.,n.a.,,,,,,,,,,,
D,counter_b1,NZD_JPY 28JUL2017D,27/07/2017 22:00,83.01,n.a.,83.966,83.555,1.5,short,N,n.a.,n.a.,,,,,,,,,,,
D,counter_b1,NZD_JPY 16MAY2018D,15/05/2018 22:00,76.105,n.a.,75.485,75.656,1.5,long,N,n.a.,n.a.,,,,,,,,,,,
D,counter_b1,NZD_JPY 14AUG2018D,13/08/2018 22:00,73.102,n.a.,72.336,72.832,1.5,long,N,N,Y,,,,,,,,,,,
D,counter_b1,NZD_JPY 11SEP2018D,10/09/2018 22:00,72.842,n.a.,72.239,72.538,1.5,long,N,n.a.,n.a.,,,,,,,,,,,
D,counter_b1,USD_CHF 07AUG2007D,06/08/2007 22:00,1.19243,n.a.,1.18127,1.18947,1.5,long,N,n.a.,n.a.,,,,,,,,,,,
D,counter_b1,USD_CHF 16JAN2008D,15/01/2008 22:00,1.0948,n.a.,1.08418,1.09125,1.5,long,N,n.a.,n.a.,,,,,,,,,,,
D,counter_b1,USD_CHF 24NOV2008D,21/11/2008 22:00,1.21609,n.a.,1.23052,1.22285,1.5,short,N,Y,Y,,,,,,,,,,,
D,counter_b1,USD_CHF 05AUG2009D,04/08/2009 22:00,1.06446,n.a.,1.05554,1.05947,1.5,long,N,n.a.,n.a.,,,,,,,,,,,
D,counter_b1,USD_CHF 26AUG2009D,25/08/2009 22:00,1.06446,n.a.,1.05554,1.05947,1.5,long,N,n.a.,n.a.,,,,,,,,,,,
D,counter_b1,USD_CHF 26OCT2009D,23/10/2009 22:00,1.01049,n.a.,1.00157,1.00429,1.5,long,N,Y,Y,,,,,,,,,,,
D,counter_b1,USD_CHF 12NOV2009D,11/11/2009 22:00,1.01159,n.a.,1.00162,1.00429,1.5,long,N,n.a.,n.a.,,,,,,,,,,,
D,counter_b1,USD_CHF 12JUL2010D,09/07/2010 22:00,1.05929,n.a.,1.04789,1.0512,1.5,long,N,N,N,,,,,,,,,,,
D,counter_b1,USD_CHF 16SEP2010D,15/09/2010 22:00,1.00517,n.a.,0.99237,0.99553,1.5,long,N,Y,N,,,,,,,,,,,
D,counter_b1,USD_CHF 16DEC2010D,15/12/2010 22:00,0.96995,n.a.,0.95475,0.95705,1.5,long,N,n.a.,n.a.,,,,,,,,,,,
D,counter_b1,USD_CHF 03SEP2014D,02/09/2014 22:00,0.91824,n.a.,0.9254,0.91995,1.5,short,N,N,N,,,,,,,,,,,
D,counter_b1,USD_CHF 10NOV2014D,07/11/2014 22:00,0.96532,n.a.,0.9758,0.9741,1.5,short,N,n.a.,n.a.,,,,,,,,,,,
D,counter_b1,USD_CHF 18MAY2015D,15/05/2015 22:00,0.92589,n.a.,0.90667,0.91771,1.5,long,N,n.a.,n.a.,,,,,,,,,,,
D,counter_b1,USD_CHF 12APR2016D,11/04/2016 22:00,0.95689,n.a.,0.94913,0.95096,1.5,long,N,N,Y,,,,,,,,,,,
D,counter_b1,USD_CHF 04MAY2016D,03/05/2016 22:00,0.95533,n.a.,0.94486,0.95096,1.5,long,N,n.a.,n.a.,,,,,,,,,,,
D,counter_b1,USD_CHF 19DEC2016D,16/12/2016 22:00,1.02447,n.a.,1.03443,1.02901,1.5,short,N,Y,Y,,,,,,,,,,,
D,counter_b1,USD_CHF 14NOV2018D,13/11/2018 22:00,1.00593,n.a.,1.01338,1.01025,1.5,short,N,Y,Y,,,,,,,,,,,
D,counter_b1,USD_CHF 12MAR2019D,11/03/2019 22:00,1.00707,n.a.,1.01265,1.01025,1.5,short,N,n.a.,n.a.,,,,,,,,,,,
D,counter_b1,EUR_CAD 13JUN2007D,12/06/2007 22:00,1.42169,n.a.,1.41286,1.4153,1.5,long,N,N,N,,,,,,,,,,,
D,counter_b1,EUR_CAD 16JAN2008D,15/01/2008 22:00,1.50426,n.a.,1.5203,1.51033,1.5,short,N,Y,Y,,,,,,,,,,,
D,counter_b1,EUR_CAD 15APR2008D,14/04/2008 22:00,1.60556,n.a.,1.63374,1.62053,1.5,short,N,n.a.,n.a.,,,,,,,,,,,
D,counter_b1,EUR_CAD 24OCT2008D,23/10/2008 22:00,1.59943,n.a.,1.63058,1.62053,1.5,short,N,n.a.,n.a.,,,,,,,,,,,
D,counter_b1,EUR_CAD 09APR2010D,08/04/2010 22:00,1.34672,n.a.,1.33294,1.33595,1.5,long,N,Y,Y,,,,,,,,,,,
D,counter_b1,EUR_CAD 27APR2010D,26/04/2010 22:00,1.3435,n.a.,1.32412,1.33271,1.5,long,N,n.a.,n.a.,,,,,,,,,,,
D,counter_b1,EUR_CAD 07JUN2010D,04/06/2010 22:00,1.27092,n.a.,1.25372,1.2668,1.5,long,N,n.a.,n.a.,,,,,,,,,,,
D,counter_b1,EUR_CAD 15OCT2013D,14/10/2013 22:00,1.40061,n.a.,1.41254,1.40614,1.5,short,N,n.a.,n.a.,,,,,,,,,,,
D,counter_b1,EUR_CAD 26FEB2014D,25/02/2014 22:00,1.51823,n.a.,1.53556,1.53091,1.5,short,N,n.a.,n.a.,,,,,,,,,,,
D,counter_b1,EUR_CAD 25JUL2014D,24/07/2014 22:00,1.44742,n.a.,1.44047,1.4446,1.5,long,N,n.a.,n.a.,,,,,,,,,,,
D,counter_b1,EUR_CAD 08SEP2014D,05/09/2014 22:00,1.41541,n.a.,1.40387,1.40614,1.5,long,N,N,Y,,,,,,,,,,,
D,counter_b1,EUR_CAD 07OCT2014D,06/10/2014 22:00,1.41068,n.a.,1.4011,1.40614,1.5,long,N,n.a.,n.a.,,,,,,,,,,,
D,counter_b1,EUR_CAD 16MAR2015D,13/03/2015 22:00,1.35041,n.a.,1.33945,1.3446,1.5,long,N,N,N,,,,,,,,,,,
D,counter_b1,EUR_CAD 24APR2015D,23/04/2015 22:00,1.31991,n.a.,1.30236,1.31003,1.5,long,N,Y,Y,,,,,,,,,,,
D,counter_b1,EUR_CAD 05AUG2015D,04/08/2015 22:00,1.43447,n.a.,1.45058,1.4446,1.5,short,N,n.a.,n.a.,,,,,,,,,,,
D,counter_b1,EUR_CAD 25NOV2016D,24/11/2016 22:00,1.43276,n.a.,1.41646,1.41923,1.5,long,N,n.a.,n.a.,,,,,,,,,,,
D,counter_b1,EUR_CAD 16FEB2017D,15/02/2017 22:00,1.3875,n.a.,1.37841,1.38182,1.5,long,N,n.a.,n.a.,,,,,,,,,,,
D,counter_b1,EUR_CAD 24MAY2017D,23/05/2017 22:00,1.50801,n.a.,1.52209,1.51452,1.5,short,N,Y,Y,,,,,,,,,,,
D,counter_b1,EUR_CAD 08MAR2018D,07/03/2018 22:00,1.59527,n.a.,1.61277,1.59912,1.5,short,N,N,Y,,,,,,,,,,,
D,counter_b1,EUR_CAD 14MAY2018D,11/05/2018 22:00,1.52772,n.a.,1.51405,1.52254,1.5,long,N,N,Y,,,,,,,,,,,
D,counter_b1,EUR_USD 23MAR2007D,22/03/2007 22:00,1.33159,n.a.,1.34173,1.33482,1.5,short,N,n.a.,n.a.,,,,,,,,,,,
D,counter_b1,EUR_USD 05JUL2007D,04/07/2007 22:00,1.35838,n.a.,1.36712,1.36442,1.5,short,N,n.a.,n.a.,,,,,,,,,,,
D,counter_b1,EUR_USD 16JAN2008D,15/01/2008 22:00,1.47948,n.a.,1.49674,1.4869,1.5,short,N,n.a.,n.a.,,,,,,,,,,,
D,counter_b1,EUR_USD 01FEB2008D,31/01/2008 22:00,1.47888,n.a.,1.4933,1.4869,1.5,short,N,n.a.,n.a.,,,,,,,,,,,
D,counter_b1,EUR_USD 01APR2008D,31/03/2008 22:00,1.57288,n.a.,1.5917,1.58333,1.5,short,N,n.a.,n.a.,,,,,,,,,,,
D,counter_b1,EUR_USD 27MAY2009D,26/05/2009 22:00,1.38494,n.a.,1.40531,1.39603,1.5,short,N,Y,Y,,,,,,,,,,,
D,counter_b1,EUR_USD 09FEB2010D,08/02/2010 22:00,1.37425,n.a.,1.358,1.36785,1.5,long,N,N,Y,,,,,,,,,,,
D,counter_b1,EUR_USD 09FEB2010D,08/04/2010 22:00,1.33774,n.a.,1.32576,1.33042,1.5,long,N,n.a.,n.a.,,,,,,,,,,,
D,counter_b1,EUR_USD 27APR2010D,26/04/2010 22:00,1.34022,n.a.,1.31904,1.33042,1.5,long,N,n.a.,n.a.,,,,,,,,,,,
D,counter_b1,EUR_USD 23MAR2011D,22/03/2011 22:00,1.41665,n.a.,1.42628,1.42174,1.5,short,N,n.a.,n.a.,,,,,,,,,,,
D,counter_b1,EUR_USD 05MAY2011D,04/05/2011 22:00,1.47542,n.a.,1.49404,1.48988,1.5,short,N,N,Y,,,,,,,,,,,
D,counter_b1,EUR_USD 21SEP2011D,20/09/2011 22:00,1.37428,n.a.,1.35094,1.36758,1.5,long,N,n.a.,n.a.,,,,,,,,,,,
D,counter_b1,EUR_USD 30DEC2011D,29/12/2011 22:00,1.29702,n.a.,1.28496,1.29216,1.5,long,N,Y,Y,,,,,,,,,,,
D,counter_b1,EUR_USD 13DEC2013D,12/12/2013 22:00,1.37384,n.a.,1.38333,1.38171,1.5,short,N,n.a.,n.a.,,,,,,,,,,,
D,counter_b1,EUR_USD 08AUG2014D,07/08/2014 22:00,1.33933,n.a.,1.33252,1.33754,1.5,long,N,N,N,,,,,,,,,,,
D,counter_b1,EUR_USD 03DEC2015D,02/12/2015 22:00,1.06427,n.a.,1.04482,1.05042,1.5,long,N,n.a.,n.a.,,,,,,,,,,,
H12,counter_b1,GBP_USD 17JUN2019H12,17/06/2019 10:00,1.26007,n.a.,1.25596,1.25886,1.5,long,N,n.a.,n.a.,,,,,,,,,,,
H12,counter_b1,AUD_CAD 16JUN2019H12,16/06/2019 22:00,0.9226,n.a.,0.9178,0.92071,1.5,long,N,n.a.,n.a.,,,,,,,,,,,
H12,counter_b1,NZD_CAD 12JUN2019H12,12/06/2019 10:00,0.87588,n.a.,0.8689,0.87055,1.5,long,N,n.a.,n.a.,,,,,,,,,,,
D,counter_b1,NZD_CAD 18JUN2019D,17/06/2019 22:00,0.87443,n.a.,0.86837,0.87055,1.5,long,N,n.a.,n.a.,,,,,,,,,,,
D,counter_b1,NZD_USD 18JUN2019D,17/06/2019 22:00,0.65145,n.a.,0.64784,0.65027,1.5,long,N,n.a.,n.a.,,,,,,,,,,,
D,counter_b1,AUD_USD 19JUN2019D,18/06/2019 22:00,0.68888,n.a.,0.68315,0.68594,1.5,long,N,n.a.,n.a.,,,,,,,,,,,
D,counter_b1,EUR_USD 25NOV2016D,24/11/2016 22:00,1.05982,n.a.,1.05163,1.05307,1.5,long,N,N,Y,,,,,,,,,,,
D,counter_b1,EUR_USD 08JAN2018D,05/01/2018 22:00,1.1995,n.a.,1.21021,1.20367,1.5,short,N,n.a.,n.a.,,,,,,,,,,,
D,counter_b1,EUR_USD 19FEB2018D,16/02/2018 22:00,1.23937,n.a.,1.25527,1.25194,1.5,short,N,n.a.,n.a.,,,,,,,,,,,
D,counter_b1,NZD_JPY 19JUN2019D,18/06/2019 22:00,70.922,n.a.,70.265,70.622,1.5,long,N,n.a.,n.a.,,,,,,,,,,,